year,month,temp_c,precip_mm
1925,1,10.073,2.2455
1925,2,10.6778,77.9217
1925,3,13.2533,17.8976
1925,4,13.7635,42.8439
1925,5,15.8701,44.8995
1925,6,19.5271,3.7829
1925,7,22.8317,1.0442
1925,8,24.3223,0.2822
1925,9,24.6516,1.3341
1925,10,21.062,6.1121
1925,11,13.3311,23.4004
1925,12,10.4651,48.8904
1926,1,8.0972,15.5605
1926,2,10.1567,56.3194
1926,3,12.6422,10.0088
1926,4,14.6658,12.1357
1926,5,14.9041,2.291
1926,6,18.0189,3.8302
1926,7,22.0984,1.738
1926,8,24.3686,0.2074
1926,9,24.1896,6.2107
1926,10,17.9475,22.6024
1926,11,13.3751,40.757
1926,12,12.5659,78.9745
1927,1,11.0337,0.2137
1927,2,11.2027,93.3099
1927,3,13.9349,12.7164
1927,4,14.6794,19.741
1927,5,17.8781,2.9459
1927,6,18.213,2.2824
1927,7,23.3026,0.579
1927,8,23.2798,79.3628
1927,9,23.0868,1.5556
1927,10,20.1741,140.2871
1927,11,15.2289,10.7298
1927,12,12.9873,4.0217
1928,1,12.5352,95.0644
1928,2,12.6292,71.9893
1928,3,13.7781,20.7646
1928,4,12.3721,128.1586
1928,5,14.028,23.7101
1928,6,18.9991,9.1177
1928,7,23.9536,1.8632
1928,8,23.3446,1.7241
1928,9,22.4365,0.7929
1928,10,18.5295,1.8424
1928,11,14.8528,0.0196
1928,12,13.5991,60.1501
1929,1,10.5788,97.2614
1929,2,11.228,32.9369
1929,3,12.2461,87.7893
1929,4,15.099,39.9256
1929,5,17.1043,2.8624
1929,6,18.9068,4.8177
1929,7,23.493,0.5885
1929,8,25.2861,6.725
1929,9,23.2845,0.4635
1929,10,22.2728,49.3151
1929,11,13.7687,25.9947
1929,12,10.0468,39.5972
1930,1,7.8894,112.9951
1930,2,9.1415,119.3047
1930,3,14.9427,1.1063
1930,4,13.7372,71.9946
1930,5,17.0935,9.9584
1930,6,21.1284,2.6837
1930,7,23.7285,2.2208
1930,8,25.0343,1.0787
1930,9,22.7378,8.0174
1930,10,23.1134,3.0724
1930,11,16.5613,0.0393
1930,12,13.2156,2.393
1931,1,10.0486,43.9657
1931,2,13.1161,25.237
1931,3,11.5191,187.9098
1931,4,13.8596,24.2418
1931,5,15.261,48.6305
1931,6,19.1342,6.6979
1931,7,23.1513,1.0132
1931,8,23.3639,1.0497
1931,9,21.4507,1.2272
1931,10,19.3015,24.897
1931,11,14.7736,4.2103
1931,12,10.404,29.8264
1932,1,11.0707,52.7122
1932,2,13.1659,49.1758
1932,3,14.0018,157.3881
1932,4,13.4535,59.7746
1932,5,18.5304,4.301
1932,6,18.8344,3.8111
1932,7,23.4396,24.2241
1932,8,26.1611,0.1217
1932,9,23.7008,1.2147
1932,10,19.8314,0.0097
1932,11,16.2648,2.0337
1932,12,11.8123,25.1025
1933,1,9.446,83.7583
1933,2,11.9195,122.7276
1933,3,13.4769,28.0776
1933,4,15.9002,28.6257
1933,5,18.8048,7.8666
1933,6,21.9534,1.1192
1933,7,23.9507,0.3131
1933,8,23.7382,1.9088
1933,9,23.974,0.8407
1933,10,18.1604,56.1524
1933,11,12.8378,54.5211
1933,12,11.5347,57.4526
1934,1,10.2588,22.7622
1934,2,12.1588,28.1622
1934,3,13.9261,41.2842
1934,4,15.2956,18.3412
1934,5,16.3454,24.903
1934,6,20.1951,4.6548
1934,7,22.4793,93.1343
1934,8,25.507,0.3566
1934,9,23.0507,44.2271
1934,10,21.2593,1.1355
1934,11,14.9112,10.598
1934,12,9.4263,125.4999
1935,1,9.7363,95.7849
1935,2,11.8565,13.84
1935,3,12.3673,17.3183
1935,4,14.7906,19.2402
1935,5,17.5082,2.2979
1935,6,19.272,1.8132
1935,7,23.2229,0.6674
1935,8,22.1416,34.6343
1935,9,22.032,3.2328
1935,10,21.2307,2.7079
1935,11,13.3277,21.5272
1935,12,11.4321,19.8446
1936,1,12.083,9.8026
1936,2,14.5326,20.2308
1936,3,13.9454,38.1192
1936,4,14.9192,24.5008
1936,5,16.7265,4.8576
1936,6,18.346,3.5226
1936,7,21.95,1.5619
1936,8,24.4932,0.2897
1936,9,20.6002,1.329
1936,10,17.3999,0.7237
1936,11,13.9743,10.7371
1936,12,12.0704,0.0284
1937,1,9.5286,58.5347
1937,2,8.8194,37.4107
1937,3,12.8312,8.25
1937,4,13.4514,47.1608
1937,5,15.9434,9.2292
1937,6,19.7852,1.517
1937,7,20.6493,1.6221
1937,8,23.7561,80.6817
1937,9,23.9343,1.1297
1937,10,20.5351,2.9248
1937,11,14.0747,33.0298
1937,12,12.9431,12.1656
1938,1,11.2311,81.3612
1938,2,12.7673,12.9976
1938,3,14.2491,24.9531
1938,4,13.3748,49.5248
1938,5,17.9198,2.7527
1938,6,18.0795,3.0496
1938,7,24.5913,1.2863
1938,8,24.0191,0.9865
1938,9,25.8016,0.1331
1938,10,19.5534,1.2919
1938,11,15.1845,5.5383
1938,12,13.1607,20.4116
1939,1,10.9913,67.452
1939,2,9.8813,92.6091
1939,3,10.8488,69.6878
1939,4,14.5855,41.089
1939,5,16.9958,22.7621
1939,6,18.6348,2.4498
1939,7,23.3861,0.3281
1939,8,22.2294,0.7366
1939,9,20.3661,76.3031
1939,10,17.5418,43.7386
1939,11,13.5693,15.0741
1939,12,7.438,62.4069
1940,1,10.6127,132.0053
1940,2,10.4629,198.8687
1940,3,11.3589,159.9804
1940,4,13.6361,4.7062
1940,5,16.4152,16.8514
1940,6,20.6195,1.6588
1940,7,20.9335,1.7232
1940,8,26.1751,0.2382
1940,9,24.5291,81.9564
1940,10,18.1259,6.1283
1940,11,13.8684,46.0981
1940,12,10.7975,4.2418
1941,1,11.2418,18.0965
1941,2,14.1747,0.0623
1941,3,15.847,13.3977
1941,4,16.5421,3.6264
1941,5,16.5517,24.5035
1941,6,19.3542,1.4857
1941,7,23.3793,1.542
1941,8,24.691,6.7887
1941,9,24.3365,4.0754
1941,10,22.9671,0.006
1941,11,14.7286,48.7786
1941,12,10.0246,99.7761
1942,1,11.7605,28.4034
1942,2,12.1914,25.5117
1942,3,12.0239,50.5575
1942,4,15.7244,19.5777
1942,5,16.4562,7.5971
1942,6,18.7233,1.557
1942,7,23.6564,0.3555
1942,8,22.8683,0.358
1942,9,23.5913,78.1922
1942,10,18.3232,57.4896
1942,11,13.1982,37.0382
1942,12,8.6034,46.2356
1943,1,8.1877,129.6617
1943,2,11.0198,77.1186
1943,3,10.8815,132.4005
1943,4,15.8094,21.9753
1943,5,15.8563,15.234
1943,6,18.5141,3.2488
1943,7,24.0349,0.6014
1943,8,26.6414,8.7891
1943,9,23.6033,25.217
1943,10,19.4673,28.184
1943,11,14.8602,42.8039
1943,12,9.6292,78.0392
1944,1,12.3057,184.6208
1944,2,10.1334,73.6412
1944,3,12.2418,14.9465
1944,4,13.3793,89.0428
1944,5,15.8871,5.0392
1944,6,17.723,3.3749
1944,7,21.6963,0.7439
1944,8,24.9206,0.1593
1944,9,23.7827,7.6709
1944,10,19.1735,6.7882
1944,11,12.8929,12.5202
1944,12,10.389,8.03
1945,1,9.8673,15.9485
1945,2,9.8053,61.2205
1945,3,14.2347,0.9467
1945,4,14.2766,57.877
1945,5,17.1239,13.3006
1945,6,17.4046,1.9006
1945,7,22.2712,0.7916
1945,8,24.7011,0.786
1945,9,23.6041,0.9372
1945,10,16.1598,9.2123
1945,11,14.5824,0.7179
1945,12,10.3846,48.9993
1946,1,8.6407,46.1397
1946,2,11.5903,1.7117
1946,3,12.1801,34.4101
1946,4,14.1715,12.7032
1946,5,17.1124,19.0685
1946,6,18.9578,2.3064
1946,7,23.4154,0.4292
1946,8,25.1539,1.1562
1946,9,23.5434,0.7515
1946,10,18.578,11.2312
1946,11,12.2185,32.6103
1946,12,10.7448,43.3886
1947,1,11.4594,1.3833
1947,2,12.4414,100.2365
1947,3,13.8492,52.1087
1947,4,14.928,5.1042
1947,5,18.8904,7.4368
1947,6,18.0492,3.9952
1947,7,22.9971,1.3615
1947,8,24.7223,29.1307
1947,9,25.6472,1.0305
1947,10,18.994,10.0029
1947,11,15.1645,40.9885
1947,12,10.2372,17.1244
1948,1,9.9449,64.955
1948,2,14.4175,12.9927
1948,3,11.902,133.4458
1948,4,13.6276,23.4446
1948,5,17.7725,1.5008
1948,6,18.3821,9.4206
1948,7,22.4427,0.8641
1948,8,24.1404,0.2615
1948,9,22.2514,102.4184
1948,10,20.291,15.3221
1948,11,14.1328,2.72
1948,12,13.392,3.6056
1949,1,10.1393,7.0419
1949,2,13.657,117.4447
1949,3,11.8224,61.8352
1949,4,14.4657,7.6074
1949,5,14.9436,30.2897
1949,6,19.1976,2.2645
1949,7,22.0646,1.1318
1949,8,21.9684,0.9333
1949,9,20.6695,0.8988
1949,10,16.7399,12.5095
1949,11,14.6449,29.1448
1949,12,10.4861,59.9584
1950,1,11.7534,6.5029
1950,2,10.9459,82.3542
1950,3,11.7359,68.4386
1950,4,12.6429,90.1152
1950,5,15.7229,2.8898
1950,6,17.4946,4.4751
1950,7,23.0622,1.5741
1950,8,23.3556,3.2811
1950,9,23.0542,25.4695
1950,10,22.1023,0.0169
1950,11,14.6224,10.6983
1950,12,13.5361,35.868
1951,1,12.6664,10.0434
1951,2,12.3033,57.9236
1951,3,14.1369,56.4586
1951,4,14.598,35.2881
1951,5,17.5929,1.6294
1951,6,20.7031,0.8856
1951,7,21.5486,0.7945
1951,8,25.3485,0.2471
1951,9,22.0039,114.8271
1951,10,23.0004,27.6593
1951,11,14.5962,18.1125
1951,12,9.5997,149.5008
1952,1,10.9601,40.0081
1952,2,11.2979,47.0016
1952,3,10.0561,62.5983
1952,4,15.5089,18.3353
1952,5,15.7747,15.8739
1952,6,18.2901,3.5011
1952,7,23.9925,2.7632
1952,8,23.2616,0.8709
1952,9,22.9236,0.5902
1952,10,20.5383,8.8462
1952,11,14.9196,38.6473
1952,12,11.7155,29.7416
1953,1,9.606,46.7885
1953,2,11.2496,20.7518
1953,3,13.9762,37.7833
1953,4,15.3041,14.0588
1953,5,17.0183,34.6759
1953,6,18.9644,4.3552
1953,7,21.1217,1.4205
1953,8,24.0265,0.227
1953,9,22.209,57.7506
1953,10,19.8044,61.2565
1953,11,12.8982,93.0116
1953,12,9.81,16.0644
1954,1,11.9712,55.3373
1954,2,12.6927,35.1975
1954,3,12.8007,76.2479
1954,4,14.0528,39.3795
1954,5,17.3265,24.4036
1954,6,21.8459,1.2714
1954,7,21.8845,1.5327
1954,8,25.2693,1.4251
1954,9,22.3498,1.3663
1954,10,22.5714,1.4068
1954,11,15.486,46.6569
1954,12,11.5047,52.5251
1955,1,13.915,0.3323
1955,2,12.557,41.5291
1955,3,13.4761,34.651
1955,4,15.4346,11.1099
1955,5,17.8768,2.9998
1955,6,18.6478,1.5318
1955,7,21.5648,1.8914
1955,8,23.5095,0.7248
1955,9,23.7575,25.1372
1955,10,19.825,12.3113
1955,11,13.7761,12.5468
1955,12,11.3912,13.5577
1956,1,9.9495,142.7695
1956,2,12.2651,34.3115
1956,3,13.6628,7.8934
1956,4,14.2718,6.1147
1956,5,17.28,7.517
1956,6,17.6947,2.4347
1956,7,22.0401,0.7901
1956,8,23.5698,10.6688
1956,9,20.2407,16.9973
1956,10,20.1498,3.4062
1956,11,13.0753,13.247
1956,12,9.21,33.7547
1957,1,10.7545,41.3744
1957,2,12.063,40.1939
1957,3,13.6857,36.6469
1957,4,17.5069,92.4793
1957,5,15.3824,7.9257
1957,6,19.967,0.9093
1957,7,24.1698,1.7011
1957,8,24.7792,17.7677
1957,9,25.4581,101.2345
1957,10,21.3282,0.1782
1957,11,14.5552,4.0198
1957,12,13.6931,0.2495
1958,1,12.2096,78.3941
1958,2,10.596,48.2211
1958,3,11.1195,119.5158
1958,4,12.443,20.7575
1958,5,17.181,4.3258
1958,6,18.8105,2.1001
1958,7,24.2633,0.6761
1958,8,23.5569,0.765
1958,9,24.0992,13.2045
1958,10,21.6483,0.0692
1958,11,13.9955,40.4294
1958,12,11.1668,61.6083
1959,1,11.4886,335.2955
1959,2,12.3021,103.4951
1959,3,11.5217,119.1169
1959,4,13.1207,67.3032
1959,5,15.464,25.405
1959,6,18.3443,9.8605
1959,7,21.5959,1.762
1959,8,22.5414,1.54
1959,9,21.8504,2.0765
1959,10,18.1771,22.0485
1959,11,12.9473,17.9772
1959,12,8.4414,60.0533
1960,1,9.0999,52.545
1960,2,10.4879,68.116
1960,3,13.3396,37.0974
1960,4,14.7172,15.962
1960,5,18.7533,4.4364
1960,6,18.6532,3.8607
1960,7,22.8121,0.4993
1960,8,25.56,0.3321
1960,9,24.2073,1.3193
1960,10,18.4737,1.6286
1960,11,14.9379,15.468
1960,12,11.9784,20.7592
1961,1,11.9723,42.1631
1961,2,12.6617,73.3647
1961,3,12.8958,30.3674
1961,4,14.2839,29.0774
1961,5,16.2213,21.8865
1961,6,18.3522,1.4122
1961,7,20.8863,2.4852
1961,8,25.6938,28.3947
1961,9,22.6178,1.9775
1961,10,16.6115,16.0735
1961,11,12.4592,51.2391
1961,12,10.8454,3.6385
1962,1,11.2602,201.7218
1962,2,12.4207,17.9414
1962,3,12.6017,72.2048
1962,4,12.0674,96.2388
1962,5,17.8626,0.8143
1962,6,18.1266,4.9963
1962,7,20.5581,1.4562
1962,8,23.6261,2.5769
1962,9,20.5579,1.4295
1962,10,17.3216,0.3427
1962,11,12.7928,4.1681
1962,12,10.4692,12.7356
1963,1,9.0892,33.7495
1963,2,11.7097,133.0681
1963,3,14.1717,46.1876
1963,4,12.6127,38.487
1963,5,15.5475,10.8442
1963,6,21.3813,1.6848
1963,7,21.7032,0.8151
1963,8,25.5223,0.6229
1963,9,22.1391,2.7918
1963,10,20.02,0.7697
1963,11,12.9343,41.7042
1963,12,10.8612,31.083
1964,1,10.6157,57.1223
1964,2,10.425,75.1738
1964,3,11.0677,38.5564
1964,4,13.4616,9.2085
1964,5,14.6297,19.2961
1964,6,17.8995,3.4538
1964,7,22.247,0.5619
1964,8,23.875,1.1394
1964,9,22.8622,2.2151
1964,10,19.3379,0.1051
1964,11,14.6694,46.5731
1964,12,8.5072,74.3263
1965,1,10.0461,21.3212
1965,2,12.7711,25.0285
1965,3,13.9682,23.1456
1965,4,15.6872,6.4016
1965,5,15.4692,14.0424
1965,6,18.6005,58.1663
1965,7,23.2368,0.5581
1965,8,23.284,1.0834
1965,9,24.6113,5.9338
1965,10,18.0758,4.197
1965,11,14.5895,8.5721
1965,12,11.5921,19.4222
1966,1,10.6656,67.0944
1966,2,11.2934,115.9291
1966,3,13.6636,32.758
1966,4,12.7095,92.2404
1966,5,16.5624,10.0855
1966,6,17.8012,3.1953
1966,7,23.4781,0.7274
1966,8,21.7264,1.1811
1966,9,21.483,33.5663
1966,10,17.6945,20.1468
1966,11,11.7775,41.2922
1966,12,9.823,47.0433
1967,1,8.8967,41.1641
1967,2,11.9543,78.7385
1967,3,13.2333,56.8585
1967,4,13.5887,21.9781
1967,5,14.8044,7.2363
1967,6,17.5146,2.3765
1967,7,24.656,0.5717
1967,8,23.3581,0.5359
1967,9,23.752,39.4069
1967,10,17.2713,0.5081
1967,11,12.837,41.2964
1967,12,11.5707,85.7563
1968,1,11.669,6.4717
1968,2,10.1429,133.2912
1968,3,11.9518,26.4271
1968,4,15.8582,2.3536
1968,5,17.865,11.0807
1968,6,19.1311,1.6753
1968,7,22.2998,1.0279
1968,8,23.8354,1.108
1968,9,23.8135,20.3236
1968,10,19.6595,27.6797
1968,11,14.2666,15.6316
1968,12,11.6214,3.57
1969,1,12.679,11.0137
1969,2,12.9133,1.2877
1969,3,13.4921,36.3387
1969,4,13.2455,11.3633
1969,5,16.4958,2.0025
1969,6,21.2765,0.3191
1969,7,24.7538,3.2163
1969,8,23.6884,0.5789
1969,9,22.5223,0.286
1969,10,17.9643,0.5103
1969,11,12.8817,0.3004
1969,12,9.5615,25.2131
1970,1,12.2587,37.8725
1970,2,10.7218,111.9279
1970,3,12.8974,8.876
1970,4,13.6349,38.3745
1970,5,17.2809,4.6296
1970,6,17.9148,3.2856
1970,7,22.6616,1.1674
1970,8,26.0292,2.6816
1970,9,20.4315,8.1633
1970,10,16.9728,4.5915
1970,11,12.639,17.9171
1970,12,10.9243,16.8254
1971,1,11.7795,40.2251
1971,2,11.4544,44.2
1971,3,13.3785,23.6136
1971,4,16.3896,12.586
1971,5,16.2886,3.6607
1971,6,19.5968,1.8621
1971,7,22.2389,0.8264
1971,8,22.8296,5.7884
1971,9,25.8618,0.1293
1971,10,18.3272,75.9902
1971,11,12.885,15.0961
1971,12,10.4372,40.6911
1972,1,11.1668,29.2552
1972,2,12.8087,92.5192
1972,3,12.8077,29.8797
1972,4,12.6067,18.8505
1972,5,16.365,5.938
1972,6,18.5493,4.5037
1972,7,20.1477,2.7596
1972,8,23.2114,1.1741
1972,9,20.8894,16.8329
1972,10,19.2971,0.1363
1972,11,13.1443,37.1092
1972,12,13.062,3.7945
1973,1,12.5032,9.7637
1973,2,11.2204,29.9575
1973,3,13.9284,64.6719
1973,4,15.2145,19.7053
1973,5,17.0808,46.5235
1973,6,19.3169,1.5634
1973,7,24.1095,0.9784
1973,8,22.7358,0.6271
1973,9,23.5319,1.9957
1973,10,19.6512,4.25
1973,11,13.0171,5.9166
1973,12,9.7686,47.2838
1974,1,11.8927,31.4449
1974,2,11.2966,65.2709
1974,3,14.9904,47.8286
1974,4,17.4079,1.7114
1974,5,15.7067,1.6065
1974,6,19.3642,0.7076
1974,7,21.6244,1.1779
1974,8,22.8612,91.9575
1974,9,23.4552,0.4696
1974,10,21.8998,0.1858
1974,11,15.1664,23.6411
1974,12,9.0631,57.0012
1975,1,7.8755,37.7763
1975,2,9.896,88.4071
1975,3,11.5311,52.3162
1975,4,13.8741,17.2201
1975,5,15.6689,10.7419
1975,6,19.2088,2.2531
1975,7,25.0207,1.2506
1975,8,24.5948,4.4107
1975,9,23.5838,2.901
1975,10,18.1123,1.8758
1975,11,13.887,26.242
1975,12,10.6731,13.059
1976,1,12.3307,29.2722
1976,2,12.1354,6.7932
1976,3,13.0857,2.7282
1976,4,14.4955,23.6574
1976,5,15.573,8.5743
1976,6,18.4569,4.9023
1976,7,20.6207,1.2827
1976,8,23.2023,1.1127
1976,9,21.0289,0.8737
1976,10,18.7563,4.8631
1976,11,12.0067,55.9342
1976,12,12.2278,139.326
1977,1,8.5769,31.8548
1977,2,11.7474,113.0625
1977,3,10.935,130.3923
1977,4,13.7214,69.6485
1977,5,18.2252,13.3921
1977,6,19.6541,1.8028
1977,7,22.1825,1.2316
1977,8,24.334,11.6897
1977,9,22.2771,50.0063
1977,10,17.6653,9.3117
1977,11,14.3152,3.8141
1977,12,11.3714,140.6667
1978,1,8.6903,127.2237
1978,2,11.925,107.2054
1978,3,12.5368,200.1871
1978,4,13.8089,41.9474
1978,5,14.1324,18.0137
1978,6,18.5036,1.3804
1978,7,20.372,2.5458
1978,8,25.3178,0.6201
1978,9,22.2739,14.8138
1978,10,18.9093,4.2995
1978,11,12.433,57.0591
1978,12,11.2395,55.9052
1979,1,10.39,108.2885
1979,2,10.6316,53.6041
1979,3,12.5271,77.6684
1979,4,13.3501,30.0242
1979,5,15.9728,5.4817
1979,6,20.32,5.3667
1979,7,23.2686,6.8101
1979,8,25.6803,0.2999
1979,9,23.1423,1.3121
1979,10,23.2533,0.2229
1979,11,13.3516,179.02
1979,12,10.2186,63.688
1980,1,8.9745,73.6991
1980,2,11.1248,36.0548
1980,3,14.6631,2.5411
1980,4,15.2972,29.5278
1980,5,15.8048,16.8759
1980,6,19.6032,1.829
1980,7,24.3559,0.2224
1980,8,22.8636,1.4782
1980,9,24.0644,80.0617
1980,10,21.1112,0.9319
1980,11,16.6325,2.0167
1980,12,12.5799,80.7661
1981,1,9.0598,70.0473
1981,2,11.5287,60.3584
1981,3,13.3539,110.4509
1981,4,15.4149,35.3415
1981,5,15.2776,7.7071
1981,6,19.0761,1.1022
1981,7,23.6584,0.2476
1981,8,23.0493,1.6445
1981,9,21.0797,55.79
1981,10,17.5473,11.1296
1981,11,13.2826,11.9823
1981,12,9.2283,0.06
1982,1,10.9303,50.0701
1982,2,10.5261,213.496
1982,3,11.7425,54.029
1982,4,16.2436,12.1289
1982,5,17.5721,3.3445
1982,6,19.0069,1.5677
1982,7,25.3071,0.1788
1982,8,23.6823,0.8278
1982,9,23.527,0.4103
1982,10,18.3844,63.8936
1982,11,13.1547,26.2776
1982,12,10.1212,53.6602
1983,1,10.9261,20.6627
1983,2,10.8116,16.4123
1983,3,11.3734,70.9959
1983,4,15.4032,14.9752
1983,5,16.6876,13.0163
1983,6,18.4897,4.2693
1983,7,22.2735,1.4544
1983,8,22.5993,29.7377
1983,9,24.471,0.5374
1983,10,20.2694,2.157
1983,11,14.1938,31.7065
1983,12,10.1027,61.4109
1984,1,9.6769,40.4238
1984,2,11.1837,11.5304
1984,3,10.0816,73.269
1984,4,13.42,18.7747
1984,5,17.0181,2.4633
1984,6,18.5143,2.2047
1984,7,21.4221,0.3539
1984,8,22.3216,0.9079
1984,9,19.5988,1.8814
1984,10,18.7646,8.2171
1984,11,14.0034,10.0953
1984,12,8.2373,168.6636
1985,1,6.0138,16.0398
1985,2,8.9104,29.0703
1985,3,10.6252,44.3677
1985,4,13.4264,52.7268
1985,5,14.4108,7.3023
1985,6,17.8947,1.1896
1985,7,19.9163,2.0491
1985,8,23.8531,2.5038
1985,9,22.2226,0.9542
1985,10,20.7028,0.323
1985,11,15.0682,1.7352
1985,12,10.7292,36.5938
1986,1,10.7444,133.0212
1986,2,10.7065,87.8616
1986,3,13.3825,52.6801
1986,4,12.9272,34.29
1986,5,16.29,3.3942
1986,6,18.0336,2.2859
1986,7,22.7623,0.8917
1986,8,23.9872,0.1081
1986,9,22.2214,0.4547
1986,10,18.7115,2.038
1986,11,15.4869,1.7168
1986,12,10.2422,30.7102
1987,1,10.0126,131.4405
1987,2,13.2254,3.0283
1987,3,14.4683,12.4439
1987,4,12.1718,119.3747
1987,5,16.4088,28.9499
1987,6,18.3611,3.4513
1987,7,20.3895,2.4055
1987,8,23.429,64.4777
1987,9,19.9726,0.4081
1987,10,17.9839,5.9923
1987,11,11.8416,51.7994
1987,12,9.4346,42.0967
1988,1,8.3574,29.1545
1988,2,11.2117,111.2316
1988,3,11.9632,20.4133
1988,4,13.2289,8.6157
1988,5,16.8392,7.5827
1988,6,18.2325,2.2906
1988,7,21.7151,1.1847
1988,8,23.3059,0.2361
1988,9,20.5464,0.5604
1988,10,19.8419,0.8534
1988,11,14.6313,49.032
1988,12,11.5166,43.1572
1989,1,11.4807,10.8304
1989,2,13.2348,111.772
1989,3,11.7323,52.9631
1989,4,13.4925,22.9368
1989,5,14.7509,3.7748
1989,6,20.3452,2.0929
1989,7,20.653,1.5828
1989,8,23.4194,0.5629
1989,9,24.0194,2.1726
1989,10,19.3097,52.8265
1989,11,14.3358,23.4712
1989,12,10.7418,39.1897
1990,1,11.9678,155.1648
1990,2,12.1112,156.0217
1990,3,12.151,60.6734
1990,4,12.8003,75.0423
1990,5,15.6573,2.4208
1990,6,17.1749,4.551
1990,7,22.967,1.5605
1990,8,24.2539,2.8917
1990,9,24.9598,0.5577
1990,10,22.2747,6.6955
1990,11,15.1985,85.9392
1990,12,9.2925,58.6544
1991,1,11.6301,12.9124
1991,2,13.8282,22.1861
1991,3,12.6934,14.8024
1991,4,14.2817,31.9268
1991,5,18.3868,3.7319
1991,6,20.5043,1.0127
1991,7,23.2057,0.9162
1991,8,25.6156,0.3902
1991,9,25.8749,15.6332
1991,10,21.0472,4.4158
1991,11,12.7201,77.6203
1991,12,10.638,9.0782
1992,1,10.1732,78.8845
1992,2,13.9653,0.8261
1992,3,14.5692,30.6737
1992,4,15.5885,75.2641
1992,5,17.555,3.4165
1992,6,20.5108,2.2171
1992,7,22.5826,0.1479
1992,8,24.2679,0.3489
1992,9,22.1115,2.2543
1992,10,18.2516,0.1699
1992,11,13.2628,19.8106
1992,12,11.5341,14.2339
1993,1,10.7058,25.1872
1993,2,12.6507,0.6766
1993,3,14.2934,64.0787
1993,4,13.2994,49.3287
1993,5,17.0093,14.2718
1993,6,19.2275,1.7232
1993,7,23.5087,3.3422
1993,8,23.5934,15.0458
1993,9,22.1881,2.4899
1993,10,17.0499,2.5479
1993,11,13.44,3.5287
1993,12,12.1521,17.9342
1994,1,10.0499,39.6455
1994,2,11.0128,68.4949
1994,3,13.3416,86.7099
1994,4,16.2408,27.1311
1994,5,17.0654,2.436
1994,6,18.1541,3.5413
1994,7,21.5822,0.4815
1994,8,21.5271,1.5832
1994,9,22.9315,33.2999
1994,10,17.9384,0.3013
1994,11,14.4271,36.4446
1994,12,10.2004,59.4771
1995,1,11.1726,96.508
1995,2,11.9345,3.3978
1995,3,13.6283,25.0764
1995,4,12.8625,63.7973
1995,5,16.0259,11.9745
1995,6,20.0043,1.3501
1995,7,22.1293,0.4268
1995,8,26.0287,0.3673
1995,9,20.5634,0.5297
1995,10,19.4006,0.0417
1995,11,12.7511,8.9435
1995,12,10.8574,35.8332
1996,1,10.6127,5.8736
1996,2,11.5616,93.8471
1996,3,13.0815,11.9933
1996,4,13.5302,15.6558
1996,5,18.5745,0.9196
1996,6,20.1838,3.0463
1996,7,24.0515,0.0302
1996,8,23.8481,2.4424
1996,9,20.0611,0.9733
1996,10,16.666,41.243
1996,11,11.9295,40.7927
1996,12,12.1613,29.1118
1997,1,10.3428,0.4972
1997,2,12.0342,51.6843
1997,3,12.6244,27.6608
1997,4,14.0377,11.5821
1997,5,16.727,5.6061
1997,6,20.0201,4.1334
1997,7,22.7915,1.3089
1997,8,24.9767,0.4318
1997,9,24.2592,1.3326
1997,10,19.7135,0.7561
1997,11,13.9846,9.4213
1997,12,8.5378,8.0373
1998,1,11.7896,14.6525
1998,2,11.9431,58.2429
1998,3,13.7087,19.409
1998,4,13.7627,39.5735
1998,5,14.703,9.5851
1998,6,17.7397,2.7227
1998,7,21.9131,1.8638
1998,8,23.6975,0.6151
1998,9,23.7197,128.3304
1998,10,17.6491,84.5835
1998,11,12.9521,34.2434
1998,12,9.9583,37.958
1999,1,11.1989,57.0919
1999,2,11.1815,134.2287
1999,3,12.4624,115.2581
1999,4,13.0881,71.0299
1999,5,16.458,4.863
1999,6,19.967,4.0568
1999,7,23.9115,0.7738
1999,8,24.3411,17.4725
1999,9,23.5614,0.3106
1999,10,18.9406,0.0192
1999,11,14.5927,20.825
1999,12,10.3962,14.2451
2000,1,8.4803,83.6261
2000,2,12.4725,7.6399
2000,3,13.5164,31.6256
2000,4,16.1489,15.9501
2000,5,15.7391,16.3749
2000,6,18.8081,1.981
2000,7,25.0117,0.8074
2000,8,26.7824,0.0793
2000,9,21.9264,24.649
2000,10,20.8149,0.9154
2000,11,13.697,25.4511
2000,12,9.95,35.3548
2001,1,11.7778,75.6608
2001,2,11.2023,224.6044
2001,3,10.5253,68.9968
2001,4,15.0939,12.8032
2001,5,17.8094,2.9259
2001,6,18.0327,1.3007
2001,7,20.809,2.3215
2001,8,22.074,20.1488
2001,9,22.611,0.6304
2001,10,20.4606,0.1534
2001,11,12.9017,7.2984
2001,12,10.7368,21.3534
2002,1,11.3586,71.6346
2002,2,11.2311,158.1199
2002,3,10.4925,159.6197
2002,4,13.145,42.8456
2002,5,15.578,8.2838
2002,6,17.7028,4.4075
2002,7,24.1083,0.814
2002,8,25.8788,0.0006
2002,9,21.7,0.3239
2002,10,18.208,0.2349
2002,11,13.4463,44.255
2002,12,10.6927,75.7714
2003,1,10.2661,112.6657
2003,2,12.1414,63.5481
2003,3,15.4702,5.6225
2003,4,15.7702,11.818
2003,5,16.7992,4.4059
2003,6,20.3697,0.5539
2003,7,23.8474,0.2349
2003,8,24.2964,22.2132
2003,9,23.5949,23.4783
2003,10,21.0227,0.1797
2003,11,12.6585,19.9942
2003,12,9.8054,137.3646
2004,1,9.7026,88.4225
2004,2,12.9245,35.397
2004,3,14.1909,24.3241
2004,4,14.3696,34.7409
2004,5,16.7271,4.4916
2004,6,19.37,1.7486
2004,7,23.8669,7.5413
2004,8,22.3015,0.5322
2004,9,22.9379,2.2883
2004,10,21.7163,2.2734
2004,11,14.2264,19.1225
2004,12,9.9049,62.9616
2005,1,10.8516,107.0345
2005,2,11.2846,145.4047
2005,3,12.0421,54.3654
2005,4,13.6195,30.4737
2005,5,19.5255,1.7255
2005,6,21.454,1.3917
2005,7,22.5152,1.5694
2005,8,24.3015,77.0374
2005,9,24.3062,1.2646
2005,10,19.5905,1.3825
2005,11,14.4737,40.8833
2005,12,8.4954,5.3695
2006,1,8.1016,38.4742
2006,2,13.4996,19.0316
2006,3,12.8251,43.612
2006,4,15.1569,10.939
2006,5,17.9484,2.2467
2006,6,18.4679,3.1726
2006,7,23.4982,0.5392
2006,8,25.5773,24.2794
2006,9,26.0608,24.8195
2006,10,19.0277,33.0112
2006,11,14.859,3.2581
2006,12,9.0169,22.7072
2007,1,10.0084,17.2545
2007,2,11.2857,24.2844
2007,3,12.7549,23.288
2007,4,15.3764,6.6665
2007,5,17.4081,2.277
2007,6,18.0736,3.5414
2007,7,21.7094,0.7668
2007,8,21.3231,5.2076
2007,9,23.5485,61.0933
2007,10,19.8941,4.7067
2007,11,14.1637,51.8909
2007,12,13.1442,0.6741
2008,1,11.1043,79.9945
2008,2,13.3522,90.0962
2008,3,12.9566,22.1793
2008,4,16.0008,53.1424
2008,5,17.2889,13.6518
2008,6,19.6936,10.9658
2008,7,23.6082,0.5256
2008,8,24.0917,0.5296
2008,9,23.7118,71.9075
2008,10,20.2426,0.0686
2008,11,14.1458,2.2676
2008,12,9.795,88.2176
2009,1,11.1865,37.3584
2009,2,11.9584,58.5004
2009,3,11.666,39.8957
2009,4,13.3127,17.7553
2009,5,17.447,1.6569
2009,6,19.0702,2.1766
2009,7,22.0418,1.0532
2009,8,23.1511,61.7185
2009,9,23.3855,5.6509
2009,10,18.7354,4.6903
2009,11,14.3768,0.3204
2009,12,12.0361,33.8181
2010,1,11.2998,18.9862
2010,2,11.2915,63.2711
2010,3,13.9453,38.8751
2010,4,15.5976,30.5603
2010,5,17.3329,3.07
2010,6,19.8981,1.4355
2010,7,22.5446,0.8554
2010,8,23.9586,11.1842
2010,9,22.7255,0.842
2010,10,17.7023,10.5927
2010,11,13.4068,30.5921
2010,12,14.0265,33.9908
2011,1,9.6162,63.486
2011,2,13.7669,6.8895
2011,3,12.34,66.1687
2011,4,16.162,3.8432
2011,5,16.9147,10.6248
2011,6,19.8631,2.6511
2011,7,24.3014,0.2025
2011,8,24.2691,30.5827
2011,9,23.9157,0.2406
2011,10,21.5591,0.6437
2011,11,15.4536,26.6492
2011,12,13.7679,74.2589
2012,1,11.427,81.4233
2012,2,10.9245,153.371
2012,3,13.7167,14.0925
2012,4,16.5015,18.4238
2012,5,15.8101,6.6636
2012,6,18.8511,2.0082
2012,7,22.9204,0.7278
2012,8,24.9726,0.9894
2012,9,24.2658,1.1903
2012,10,19.6333,2.1269
2012,11,13.3174,2.0971
2012,12,10.0991,9.2962
2013,1,12.2328,148.2316
2013,2,11.8632,47.9911
2013,3,13.6866,154.6503
2013,4,14.5561,25.0963
2013,5,16.3067,21.3831
2013,6,18.7238,3.0549
2013,7,21.4737,1.2327
2013,8,25.4999,4.5745
2013,9,23.0723,1.1171
2013,10,20.1562,2.2115
2013,11,15.2407,87.2915
2013,12,9.6684,9.6227
2014,1,9.0233,51.8214
2014,2,12.4767,1.0507
2014,3,16.5447,2.1334
2014,4,14.2735,19.2351
2014,5,16.793,1.6672
2014,6,17.8305,2.0045
2014,7,23.2629,0.1698
2014,8,26.934,40.7034
2014,9,22.9582,4.0816
2014,10,20.7306,7.1496
2014,11,13.1795,36.2036
2014,12,8.3474,49.9212
