year,month,clt_pct,rsds_wm2
1925,1,31.413761,160.94684
1925,2,45.553593,177.76656
1925,3,28.714035,255.10568
1925,4,39.234882,281.4033
1925,5,41.970272,296.9237
1925,6,32.11727,340.5489
1925,7,24.251299,333.66803
1925,8,7.99294,319.1718
1925,9,9.64145,274.59036
1925,10,19.47744,204.7594
1925,11,35.382256,154.01154
1925,12,62.414497,118.94631
1926,1,24.574825,156.9789
1926,2,43.35323,182.2457
1926,3,42.512394,239.91847
1926,4,40.640133,297.19955
1926,5,39.707985,334.4405
1926,6,35.52849,325.9332
1926,7,19.891327,330.56705
1926,8,29.102947,292.9671
1926,9,27.162134,254.65338
1926,10,17.072214,212.01051
1926,11,44.717373,149.08078
1926,12,51.944843,119.97172
1927,1,22.494333,169.6748
1927,2,66.411766,159.59117
1927,3,58.753323,242.49974
1927,4,35.729034,282.40372
1927,5,40.177963,325.92245
1927,6,28.004354,340.9113
1927,7,27.035908,346.61
1927,8,30.414942,283.00455
1927,9,22.960697,262.09366
1927,10,51.791615,169.82455
1927,11,23.56845,169.1674
1927,12,25.99073,149.43013
1928,1,45.749474,132.70668
1928,2,69.36509,164.21603
1928,3,45.693066,228.76697
1928,4,71.80245,233.77106
1928,5,38.19512,305.7736
1928,6,48.18944,321.2477
1928,7,30.929766,318.186
1928,8,31.066978,300.2127
1928,9,9.699594,268.13693
1928,10,15.043719,218.09596
1928,11,26.604338,171.52649
1928,12,70.72758,106.776794
1929,1,59.164696,135.26923
1929,2,34.737434,200.25331
1929,3,64.46624,201.1874
1929,4,43.35131,285.3692
1929,5,51.893257,324.1969
1929,6,27.118612,339.753
1929,7,14.114293,335.3353
1929,8,27.242058,290.9495
1929,9,7.836112,275.53207
1929,10,33.65219,205.18141
1929,11,29.38781,157.79189
1929,12,36.36565,131.45021
1930,1,61.877647,121.984665
1930,2,64.928635,151.285
1930,3,43.848503,241.2079
1930,4,66.47723,234.12964
1930,5,56.596096,289.4663
1930,6,39.87601,337.12567
1930,7,30.403107,319.10928
1930,8,25.495733,293.61182
1930,9,26.168938,255.51947
1930,10,33.623806,202.32904
1930,11,35.70617,163.49278
1930,12,28.690357,141.61157
1931,1,51.893543,132.53441
1931,2,39.64188,194.65932
1931,3,72.34755,177.67548
1931,4,35.00502,288.56644
1931,5,62.09405,275.55814
1931,6,35.82473,317.79855
1931,7,19.424568,348.9661
1931,8,12.303847,313.6796
1931,9,16.947407,270.54208
1931,10,25.734306,205.75096
1931,11,29.330019,162.49168
1931,12,21.264687,145.26448
1932,1,48.011112,139.14737
1932,2,47.635983,175.68713
1932,3,66.1892,204.14284
1932,4,57.68172,258.60733
1932,5,44.652473,309.40524
1932,6,39.431908,330.56644
1932,7,34.65358,324.19666
1932,8,13.992231,301.99878
1932,9,29.545855,259.19986
1932,10,13.687899,222.2957
1932,11,35.913097,157.94798
1932,12,33.81293,137.40947
1933,1,48.8425,131.08015
1933,2,52.10906,160.51239
1933,3,47.913,235.31058
1933,4,55.66425,263.20322
1933,5,46.9612,311.5445
1933,6,30.649174,330.42984
1933,7,28.404245,337.61148
1933,8,14.13549,312.7385
1933,9,11.396553,279.08298
1933,10,35.70735,204.1465
1933,11,48.1269,146.11629
1933,12,43.52795,132.61794
1934,1,40.54409,142.52202
1934,2,52.375416,180.85683
1934,3,43.690628,227.73482
1934,4,41.26407,293.0787
1934,5,40.79088,310.93878
1934,6,36.190113,330.669
1934,7,37.081543,311.14072
1934,8,12.940064,313.1816
1934,9,21.758272,258.79074
1934,10,11.865903,220.70903
1934,11,47.63339,152.12155
1934,12,55.620968,122.77176
1935,1,67.56218,119.16576
1935,2,39.027912,196.51625
1935,3,33.294983,255.05037
1935,4,31.179892,305.15277
1935,5,34.392384,331.67944
1935,6,35.81607,341.686
1935,7,33.686005,324.90314
1935,8,20.383919,301.78802
1935,9,31.826797,259.38446
1935,10,22.96126,212.08511
1935,11,25.940166,167.60748
1935,12,45.880875,132.86479
1936,1,39.11245,154.30594
1936,2,40.399677,196.95085
1936,3,62.775867,205.6894
1936,4,48.446377,287.20493
1936,5,41.856285,319.07242
1936,6,31.60803,343.7943
1936,7,35.06737,315.47925
1936,8,10.519553,317.5513
1936,9,15.427152,272.73624
1936,10,29.057978,216.77281
1936,11,22.789314,167.84935
1936,12,18.952179,148.694
1937,1,40.31331,142.41068
1937,2,31.693665,187.48347
1937,3,38.64117,258.60812
1937,4,57.58708,274.32718
1937,5,47.67168,300.03583
1937,6,38.167126,343.25812
1937,7,25.26572,339.07077
1937,8,24.366577,276.13895
1937,9,20.031878,262.01022
1937,10,25.818018,220.3934
1937,11,35.930035,154.69997
1937,12,30.387749,143.9587
1938,1,67.535416,117.29027
1938,2,49.41273,188.59541
1938,3,55.294033,218.37694
1938,4,51.06599,265.9029
1938,5,50.89676,332.3335
1938,6,37.689945,327.3671
1938,7,29.777979,333.37506
1938,8,20.439953,306.54102
1938,9,19.521982,263.5235
1938,10,24.888824,220.97781
1938,11,18.252413,169.76064
1938,12,50.458862,127.43712
1939,1,38.417934,138.39696
1939,2,67.158554,156.34833
1939,3,46.23222,219.02283
1939,4,48.356327,258.1333
1939,5,42.808994,311.06335
1939,6,29.884092,346.8566
1939,7,29.773638,337.42233
1939,8,16.362736,322.56033
1939,9,20.374687,261.108
1939,10,34.167263,206.73344
1939,11,53.157684,141.92627
1939,12,44.88942,125.0061
1940,1,61.75859,123.538895
1940,2,75.10545,119.651764
1940,3,57.269154,204.14128
1940,4,36.92187,295.74728
1940,5,44.60415,314.46393
1940,6,36.136566,345.40732
1940,7,13.758778,348.22827
1940,8,19.526346,289.84143
1940,9,38.44755,245.63132
1940,10,22.149954,217.44785
1940,11,30.068657,165.7196
1940,12,21.166794,150.65665
1941,1,38.981255,149.94551
1941,2,16.521784,213.96812
1941,3,42.530704,241.05815
1941,4,28.045773,304.93768
1941,5,44.55063,301.9594
1941,6,35.629097,348.1056
1941,7,22.328972,323.7392
1941,8,28.57557,292.9671
1941,9,26.681665,255.23738
1941,10,23.471525,215.77388
1941,11,43.480732,151.73534
1941,12,43.64724,134.50708
1942,1,45.28498,143.2743
1942,2,72.806404,175.46494
1942,3,58.871693,208.49753
1942,4,58.77961,265.41034
1942,5,36.04776,323.18427
1942,6,31.046171,342.40027
1942,7,24.638735,328.2314
1942,8,34.49791,298.9611
1942,9,29.600548,249.35838
1942,10,45.500183,186.65193
1942,11,38.410954,153.47362
1942,12,33.368835,136.04614
1943,1,54.89098,132.70946
1943,2,50.500835,161.27127
1943,3,55.76054,200.43427
1943,4,39.855392,278.33994
1943,5,38.611744,313.35364
1943,6,37.822056,339.35062
1943,7,27.231085,327.28363
1943,8,27.147316,296.6905
1943,9,16.18742,258.3101
1943,10,39.104797,194.29301
1943,11,47.0894,143.24841
1943,12,45.809788,128.65475
1944,1,58.336037,127.11104
1944,2,44.649952,171.52151
1944,3,47.402767,232.74117
1944,4,59.012127,234.47653
1944,5,33.412914,322.1898
1944,6,46.65569,338.4132
1944,7,28.808544,327.50854
1944,8,27.48858,305.46912
1944,9,19.49451,265.2097
1944,10,22.7269,217.57114
1944,11,26.572819,171.88116
1944,12,29.196835,144.9732
1945,1,33.863148,157.66116
1945,2,58.181637,173.4248
1945,3,30.806437,253.91623
1945,4,34.596497,283.7273
1945,5,50.770996,321.61267
1945,6,23.333387,338.4508
1945,7,18.171856,337.99875
1945,8,14.988643,315.3139
1945,9,17.584497,271.60944
1945,10,15.120071,222.80151
1945,11,22.825941,162.53746
1945,12,61.706554,116.099915
1946,1,32.159447,146.82858
1946,2,23.762259,205.67067
1946,3,39.359608,237.98085
1946,4,52.292164,284.45276
1946,5,52.277752,301.57797
1946,6,32.255375,344.62393
1946,7,14.238775,331.08362
1946,8,15.02924,313.09686
1946,9,14.975807,263.9162
1946,10,17.648657,200.01312
1946,11,22.123123,165.26222
1946,12,51.052784,127.1304
1947,1,43.895653,162.0006
1947,2,56.766556,161.95079
1947,3,48.61847,235.65599
1947,4,45.830574,292.62537
1947,5,30.92985,328.10223
1947,6,32.22744,334.40784
1947,7,16.950571,336.27963
1947,8,23.112911,292.20477
1947,9,30.451067,253.20667
1947,10,21.574343,208.14188
1947,11,56.775356,143.0518
1947,12,38.9864,142.55754
1948,1,62.19402,134.3093
1948,2,44.51155,194.2723
1948,3,61.112984,214.61734
1948,4,55.60788,266.41797
1948,5,40.121033,326.89264
1948,6,37.888294,326.41025
1948,7,24.7531,331.1721
1948,8,11.762436,318.4222
1948,9,29.04583,235.65883
1948,10,27.356949,202.06326
1948,11,42.01037,161.48854
1948,12,33.124874,144.54567
1949,1,14.656521,162.81093
1949,2,60.095505,151.65446
1949,3,61.278088,210.58325
1949,4,26.669546,307.6527
1949,5,51.461834,295.3487
1949,6,31.287617,347.41858
1949,7,22.521198,343.35016
1949,8,25.769083,313.74005
1949,9,25.34035,266.63843
1949,10,37.721004,199.94455
1949,11,52.26715,143.92929
1949,12,48.54052,123.82384
1950,1,35.486702,153.49742
1950,2,58.30491,169.37456
1950,3,73.15961,196.99149
1950,4,53.8215,268.8107
1950,5,31.850824,323.3108
1950,6,28.938473,333.21344
1950,7,26.14899,329.5353
1950,8,32.649593,282.50336
1950,9,23.489023,258.5674
1950,10,25.274456,220.34819
1950,11,27.319004,166.83728
1950,12,42.857227,132.46089
1951,1,43.16291,148.5073
1951,2,37.098125,197.34604
1951,3,67.94255,217.19316
1951,4,39.692585,285.15173
1951,5,35.539204,330.2278
1951,6,33.025974,343.4555
1951,7,17.032862,345.50726
1951,8,27.844646,276.63535
1951,9,32.05783,240.76808
1951,10,22.040293,209.35597
1951,11,27.1281,159.06146
1951,12,47.80161,114.473366
1952,1,40.381607,146.24342
1952,2,62.683548,170.22432
1952,3,48.156162,216.99365
1952,4,29.55591,293.89682
1952,5,33.479946,318.252
1952,6,32.447823,334.8886
1952,7,26.21174,338.08652
1952,8,29.862543,304.62567
1952,9,39.46697,262.83316
1952,10,25.026627,212.62047
1952,11,30.422565,158.38727
1952,12,26.008448,139.27611
1953,1,47.01338,142.0208
1953,2,44.51817,189.01959
1953,3,57.14509,232.92159
1953,4,24.462736,304.21622
1953,5,31.87168,325.73764
1953,6,33.308163,332.55603
1953,7,18.42061,330.37402
1953,8,12.13481,318.74603
1953,9,19.826004,253.98222
1953,10,35.6022,210.03732
1953,11,47.14183,148.27646
1953,12,37.665947,134.04337
1954,1,42.27786,147.98468
1954,2,47.331467,170.16159
1954,3,70.55293,195.47087
1954,4,60.152264,261.2451
1954,5,36.629097,315.87265
1954,6,27.498278,346.40854
1954,7,19.845762,349.50467
1954,8,27.520872,283.09253
1954,9,22.345356,264.05563
1954,10,30.372972,201.39601
1954,11,39.78625,158.70982
1954,12,35.591557,135.01001
1955,1,36.265667,153.48369
1955,2,46.338768,177.81895
1955,3,43.696342,233.69904
1955,4,36.08217,307.46106
1955,5,28.258364,338.08505
1955,6,16.948515,348.5874
1955,7,11.040066,350.50754
1955,8,10.271978,308.7026
1955,9,16.65479,259.96307
1955,10,14.463504,222.60893
1955,11,20.050814,171.08116
1955,12,48.240055,130.80243
1956,1,59.25787,124.38097
1956,2,53.202713,174.91238
1956,3,47.706738,246.15244
1956,4,47.564327,298.04016
1956,5,32.223442,322.01953
1956,6,40.646435,345.53552
1956,7,17.667385,334.5615
1956,8,13.293688,308.72583
1956,9,32.274235,254.13675
1956,10,26.09505,219.56894
1956,11,51.193424,144.14604
1956,12,51.97565,127.25588
1957,1,73.57283,116.87525
1957,2,31.211374,201.98898
1957,3,41.20143,236.98152
1957,4,44.560764,273.41916
1957,5,40.87424,320.9326
1957,6,21.340647,351.81323
1957,7,31.910166,317.57455
1957,8,29.64253,297.7394
1957,9,22.733257,242.43513
1957,10,6.621543,227.43446
1957,11,34.49212,167.65683
1957,12,24.589094,148.17767
1958,1,67.554825,119.387474
1958,2,43.550797,186.95416
1958,3,73.968956,185.63329
1958,4,40.47806,280.53305
1958,5,41.434216,324.22113
1958,6,23.103838,350.57632
1958,7,22.291595,326.05383
1958,8,34.617737,297.96487
1958,9,24.874588,258.74237
1958,10,27.222858,221.48502
1958,11,30.919832,163.68074
1958,12,61.10319,110.56764
1959,1,79.12783,91.85426
1959,2,64.85029,152.7126
1959,3,61.57876,195.84055
1959,4,57.72025,253.73433
1959,5,34.526134,317.38983
1959,6,52.1034,308.7576
1959,7,18.821074,333.16287
1959,8,20.668913,303.90198
1959,9,13.902849,277.4429
1959,10,25.967993,208.23967
1959,11,33.192657,162.3241
1959,12,43.28529,130.84305
1960,1,63.667927,123.10556
1960,2,42.873203,184.3645
1960,3,36.09225,242.31963
1960,4,34.565594,294.1409
1960,5,45.03251,327.23334
1960,6,43.55503,325.0556
1960,7,17.017614,342.82455
1960,8,20.340761,291.99066
1960,9,16.430164,263.03564
1960,10,22.973028,216.71294
1960,11,45.110043,158.00298
1960,12,39.6462,134.41724
1961,1,54.496906,139.787
1961,2,44.526237,180.5807
1961,3,64.10126,214.99004
1961,4,47.89106,279.94647
1961,5,42.49131,305.24094
1961,6,28.399405,338.94272
1961,7,24.110296,335.22998
1961,8,22.999159,273.83377
1961,9,21.61315,271.87405
1961,10,19.385988,215.483
1961,11,33.64717,163.05066
1961,12,23.802654,146.27702
1962,1,49.592228,121.295845
1962,2,48.953724,193.63554
1962,3,49.385376,218.5627
1962,4,58.89279,254.94482
1962,5,40.307934,332.56403
1962,6,43.5668,328.85712
1962,7,16.734156,345.71036
1962,8,32.293156,294.26428
1962,9,14.292147,270.7474
1962,10,13.769644,224.92873
1962,11,21.352428,169.68567
1962,12,32.800537,141.52226
1963,1,34.57694,142.19632
1963,2,60.96208,150.27612
1963,3,46.40335,220.6208
1963,4,41.035744,262.60995
1963,5,37.755455,326.7855
1963,6,36.119217,340.08597
1963,7,13.13904,342.8616
1963,8,8.976142,302.3355
1963,9,24.278814,252.06113
1963,10,16.316545,217.80533
1963,11,33.808445,158.51978
1963,12,40.996853,126.0863
1964,1,27.65543,146.23584
1964,2,53.53041,169.75279
1964,3,35.15858,252.24072
1964,4,43.846745,263.44287
1964,5,52.6905,304.09042
1964,6,26.198164,337.41354
1964,7,22.649078,329.06912
1964,8,26.521374,304.84933
1964,9,19.903885,252.20305
1964,10,13.268549,223.95296
1964,11,40.45214,154.67958
1964,12,41.292778,128.49892
1965,1,24.981249,160.07262
1965,2,41.184757,190.16382
1965,3,38.94994,245.1996
1965,4,34.756447,299.67236
1965,5,29.55414,329.93988
1965,6,37.119663,318.1852
1965,7,30.8481,312.20013
1965,8,14.355221,309.9795
1965,9,28.029753,261.71017
1965,10,18.295607,221.8765
1965,11,33.5819,164.15657
1965,12,39.63133,136.33183
1966,1,51.98285,127.741234
1966,2,51.90295,169.92017
1966,3,50.90528,238.33673
1966,4,54.04064,252.76096
1966,5,44.052803,321.98187
1966,6,28.247326,337.30457
1966,7,28.256254,335.1724
1966,8,33.224556,306.53247
1966,9,45.84102,238.10739
1966,10,41.163185,193.50244
1966,11,32.012955,153.07558
1966,12,50.363625,118.27623
1967,1,53.743824,135.65399
1967,2,59.30942,165.70775
1967,3,59.236023,219.7474
1967,4,36.966873,284.8624
1967,5,41.052723,313.13107
1967,6,45.636223,331.97452
1967,7,23.825453,332.04733
1967,8,29.28748,304.48376
1967,9,45.756012,232.04431
1967,10,23.751871,219.54097
1967,11,36.23231,160.37686
1967,12,52.62633,121.38358
1968,1,33.70517,152.36433
1968,2,45.94589,163.17018
1968,3,32.228607,240.60143
1968,4,54.344746,297.75308
1968,5,45.91287,314.98306
1968,6,36.146084,339.366
1968,7,25.9134,330.16037
1968,8,19.309599,305.79846
1968,9,39.266857,238.25673
1968,10,29.169525,213.80066
1968,11,40.30637,163.66403
1968,12,33.1816,144.70671
1969,1,21.362574,161.76663
1969,2,44.061543,202.40608
1969,3,29.189451,253.01578
1969,4,41.40935,288.86148
1969,5,33.15318,333.3037
1969,6,19.707933,348.7831
1969,7,30.09339,299.99442
1969,8,10.4051285,319.1382
1969,9,13.925221,270.498
1969,10,13.783516,221.00003
1969,11,14.554401,170.78339
1969,12,42.185944,136.71098
1970,1,52.971706,126.362305
1970,2,66.84714,137.70569
1970,3,48.55297,238.57907
1970,4,56.080647,261.6351
1970,5,43.380558,310.95187
1970,6,37.50186,334.80414
1970,7,26.352335,327.08597
1970,8,23.088783,280.6869
1970,9,19.384687,268.7045
1970,10,18.134733,220.44415
1970,11,44.795906,152.97166
1970,12,49.347908,130.01718
1971,1,41.87114,143.70547
1971,2,57.68668,182.30304
1971,3,38.962345,232.59875
1971,4,30.163515,300.3192
1971,5,43.851517,319.678
1971,6,32.73429,350.33276
1971,7,19.682281,339.36313
1971,8,43.35498,282.61243
1971,9,13.152855,260.3936
1971,10,21.321665,201.53249
1971,11,31.981876,165.9715
1971,12,53.455383,123.557755
1972,1,38.088665,149.67543
1972,2,56.034855,163.79243
1972,3,42.25567,243.05995
1972,4,42.401558,285.22397
1972,5,33.401955,319.61234
1972,6,32.78445,320.14554
1972,7,26.439178,332.4462
1972,8,15.801907,297.59747
1972,9,22.313862,257.59497
1972,10,17.53642,225.597
1972,11,25.163366,167.05551
1972,12,27.296766,145.47044
1973,1,22.370352,159.08493
1973,2,43.630054,185.26616
1973,3,44.7784,227.40392
1973,4,51.27643,263.15723
1973,5,51.48023,297.98755
1973,6,29.739475,341.36957
1973,7,18.278402,332.8067
1973,8,15.400387,315.66992
1973,9,13.109996,269.08743
1973,10,13.084886,218.76262
1973,11,35.00213,168.43202
1973,12,53.503666,122.46662
1974,1,25.48268,153.80692
1974,2,52.86269,172.45926
1974,3,44.650154,238.99428
1974,4,49.929813,297.10986
1974,5,14.741439,346.50635
1974,6,27.085848,358.0344
1974,7,17.33627,335.69388
1974,8,24.295223,283.00577
1974,9,18.849047,274.94293
1974,10,8.275339,222.47588
1974,11,34.198032,160.5902
1974,12,53.178974,124.75192
1975,1,35.110302,140.53848
1975,2,64.81247,148.19502
1975,3,51.26964,219.3899
1975,4,30.2475,296.52438
1975,5,49.780655,306.22812
1975,6,29.081865,335.8079
1975,7,29.19355,313.8334
1975,8,22.421951,292.1248
1975,9,6.9531302,270.35327
1975,10,15.560444,228.02559
1975,11,25.169794,160.46445
1975,12,37.94071,138.81525
1976,1,55.56546,142.37123
1976,2,30.873762,202.73729
1976,3,28.096123,259.3195
1976,4,40.854813,281.0356
1976,5,42.458126,313.75128
1976,6,47.80656,332.3666
1976,7,35.771656,323.61615
1976,8,25.869484,297.2737
1976,9,11.400768,277.98938
1976,10,23.020197,205.96402
1976,11,43.659782,142.9893
1976,12,56.27836,106.3622
1977,1,47.485123,142.72287
1977,2,76.94698,144.84042
1977,3,63.490837,203.39183
1977,4,45.322205,264.63324
1977,5,59.32995,293.6123
1977,6,28.190506,340.77426
1977,7,24.02418,340.36307
1977,8,17.991219,301.7124
1977,9,31.521835,238.90321
1977,10,21.676273,213.72232
1977,11,51.775043,152.59889
1977,12,58.374996,114.08105
1978,1,37.08241,137.06369
1978,2,72.09256,148.04301
1978,3,64.41982,189.70563
1978,4,41.12237,282.96143
1978,5,59.874424,271.95404
1978,6,36.745502,330.5796
1978,7,25.454308,336.45856
1978,8,7.057893,313.50858
1978,9,17.307482,258.1853
1978,10,33.807278,209.26138
1978,11,37.838398,150.45488
1978,12,54.470432,121.74122
1979,1,42.663177,137.43138
1979,2,45.241367,180.96043
1979,3,53.049458,215.54097
1979,4,43.017406,275.5662
1979,5,59.986835,303.81683
1979,6,41.48864,307.00034
1979,7,30.938866,321.27148
1979,8,10.929502,315.65836
1979,9,12.165133,268.601
1979,10,16.018316,218.20633
1979,11,63.341488,121.31585
1979,12,65.39716,111.17091
1980,1,68.29332,108.30018
1980,2,68.64243,169.12935
1980,3,27.077923,269.00754
1980,4,36.102665,287.20078
1980,5,54.08714,305.45947
1980,6,35.328644,336.51495
1980,7,29.407179,330.23657
1980,8,23.187815,293.66165
1980,9,14.736729,257.3357
1980,10,19.406946,224.22409
1980,11,46.34419,165.04404
1980,12,56.283646,109.967606
1981,1,46.189487,134.9345
1981,2,49.543827,166.13066
1981,3,69.25624,215.47867
1981,4,58.294453,264.3487
1981,5,49.918503,296.05676
1981,6,28.46305,341.5606
1981,7,36.425488,330.71442
1981,8,41.15878,308.51535
1981,9,30.012854,246.95168
1981,10,43.12673,200.3892
1981,11,40.127644,160.45354
1981,12,7.7619867,157.3333
1982,1,42.255768,142.87184
1982,2,67.535545,133.75337
1982,3,45.793987,225.42421
1982,4,26.914707,290.55844
1982,5,44.508068,305.82364
1982,6,30.467394,342.21524
1982,7,12.803143,340.71957
1982,8,17.800781,315.644
1982,9,21.799097,264.00952
1982,10,21.146452,203.24922
1982,11,46.639397,151.71423
1982,12,41.939205,125.91308
1983,1,64.78999,130.49754
1983,2,42.323505,182.39046
1983,3,54.17424,203.61676
1983,4,44.862904,292.44186
1983,5,40.76435,305.0199
1983,6,41.87252,327.08148
1983,7,19.797796,334.33807
1983,8,20.916742,292.4165
1983,9,11.5693035,270.19846
1983,10,37.816315,199.50931
1983,11,50.829926,149.5538
1983,12,47.45765,126.816635
1984,1,33.754658,146.27417
1984,2,33.323677,202.83163
1984,3,51.493156,219.1186
1984,4,54.084206,256.78888
1984,5,42.207825,313.77603
1984,6,36.44287,344.44028
1984,7,11.394856,344.35202
1984,8,16.571653,316.22256
1984,9,11.86857,278.57724
1984,10,27.680906,202.16635
1984,11,21.848352,169.17075
1984,12,59.10085,103.69176
1985,1,16.629932,163.72882
1985,2,42.2391,182.68953
1985,3,35.08968,233.40703
1985,4,54.2925,264.95636
1985,5,37.42884,318.44882
1985,6,37.15222,349.50632
1985,7,19.601856,340.7303
1985,8,16.959396,308.83566
1985,9,23.285334,260.12634
1985,10,28.285715,213.80779
1985,11,45.3279,155.01848
1985,12,35.667583,136.75027
1986,1,49.741516,130.58905
1986,2,54.109184,165.62036
1986,3,55.331547,213.13947
1986,4,56.39977,267.5573
1986,5,45.24147,312.48956
1986,6,27.319511,343.70706
1986,7,17.170328,339.94025
1986,8,9.417507,317.15875
1986,9,8.148697,272.03055
1986,10,22.606434,207.97615
1986,11,31.601946,161.23125
1986,12,27.121107,144.16429
1987,1,68.19378,124.56806
1987,2,47.540855,185.56921
1987,3,46.53648,249.29738
1987,4,54.183228,242.63283
1987,5,46.71241,299.51746
1987,6,36.811653,334.14413
1987,7,21.660788,334.4433
1987,8,26.634922,271.14627
1987,9,15.821118,283.2831
1987,10,18.262793,216.68317
1987,11,42.915615,148.44757
1987,12,41.717937,131.37282
1988,1,40.407482,134.6367
1988,2,60.002117,156.15639
1988,3,43.29694,254.50508
1988,4,49.455635,278.52173
1988,5,48.548805,300.64746
1988,6,35.533752,335.32147
1988,7,24.645311,332.26523
1988,8,10.112111,322.2931
1988,9,11.017557,276.6108
1988,10,15.340505,208.43465
1988,11,29.429401,151.97102
1988,12,38.88536,138.7786
1989,1,54.827827,142.80818
1989,2,66.09764,144.38913
1989,3,55.952698,203.7408
1989,4,35.7202,282.3694
1989,5,50.80563,312.40005
1989,6,25.414684,332.42935
1989,7,44.130154,323.08554
1989,8,24.5772,311.2696
1989,9,20.253616,261.92743
1989,10,33.527184,191.59445
1989,11,37.1165,156.92908
1989,12,35.824413,133.72879
1990,1,62.685215,113.48925
1990,2,42.46739,178.59158
1990,3,46.356373,224.99808
1990,4,59.154514,235.65627
1990,5,36.092808,316.80228
1990,6,44.112003,317.20584
1990,7,31.331593,315.16916
1990,8,32.293404,275.7448
1990,9,18.085794,263.75467
1990,10,54.202244,192.24828
1990,11,63.620552,123.36802
1990,12,37.061554,128.45738
1991,1,48.19192,141.98567
1991,2,31.021551,194.45631
1991,3,45.903732,243.08954
1991,4,53.222176,260.6539
1991,5,43.463642,321.58716
1991,6,28.363983,344.51236
1991,7,11.600808,338.20605
1991,8,38.171803,282.42825
1991,9,26.965752,243.03662
1991,10,27.802742,208.10754
1991,11,49.06768,138.85503
1991,12,42.469124,131.14674
1992,1,76.12973,102.89403
1992,2,37.428986,194.17142
1992,3,34.867374,245.924
1992,4,44.506718,276.6848
1992,5,40.333035,320.71603
1992,6,31.706898,341.8995
1992,7,11.580957,338.67514
1992,8,10.285842,316.67407
1992,9,16.981918,260.4384
1992,10,18.011257,219.63808
1992,11,38.92688,151.48833
1992,12,34.525524,133.92767
1993,1,46.05436,146.56871
1993,2,24.06347,207.11362
1993,3,55.036934,200.52603
1993,4,51.999126,252.58865
1993,5,47.922768,302.43842
1993,6,25.65106,343.49387
1993,7,36.796467,304.356
1993,8,19.57708,299.63608
1993,9,19.889753,259.18747
1993,10,11.752477,220.11443
1993,11,40.484688,162.52156
1993,12,63.24361,109.465706
1994,1,51.120926,134.78503
1994,2,57.79409,170.79935
1994,3,63.862167,212.50551
1994,4,55.924683,257.98236
1994,5,41.599274,320.4724
1994,6,46.696526,311.82825
1994,7,21.587008,341.91754
1994,8,22.110462,313.883
1994,9,22.110523,253.76868
1994,10,25.435596,217.24072
1994,11,44.245926,161.13654
1994,12,32.7435,136.2216
1995,1,56.64957,127.962814
1995,2,33.71758,189.34285
1995,3,47.57276,238.47649
1995,4,56.45838,244.65152
1995,5,35.49119,310.9358
1995,6,38.205322,336.11035
1995,7,16.543552,345.7127
1995,8,15.843191,300.03827
1995,9,13.240896,276.21356
1995,10,11.223697,228.14949
1995,11,34.311077,165.46356
1995,12,42.5517,132.26913
1996,1,36.48777,158.97382
1996,2,63.641487,142.04185
1996,3,39.564922,243.98062
1996,4,42.546844,270.85895
1996,5,33.297745,337.8033
1996,6,33.135674,327.37653
1996,7,39.905926,312.4664
1996,8,18.947561,300.11908
1996,9,13.722328,269.53384
1996,10,33.85744,205.47311
1996,11,45.033714,148.35535
1996,12,48.302498,133.3208
1997,1,32.45648,165.66507
1997,2,56.7182,165.44624
1997,3,40.224274,239.6639
1997,4,36.25821,282.7898
1997,5,36.720345,324.4774
1997,6,47.48671,323.43057
1997,7,32.308308,326.21283
1997,8,26.167873,291.9956
1997,9,5.5464706,277.26376
1997,10,12.552039,222.3455
1997,11,20.020819,167.59181
1997,12,25.21646,147.81586
1998,1,27.619453,159.87303
1998,2,51.38934,176.54729
1998,3,44.66998,240.21252
1998,4,56.2588,260.13815
1998,5,38.69035,310.23618
1998,6,32.699383,343.08096
1998,7,44.296238,312.03564
1998,8,11.95227,314.80682
1998,9,28.72093,243.081
1998,10,47.517483,182.37625
1998,11,25.778145,169.68462
1998,12,56.25591,108.32879
1999,1,39.37399,144.25056
1999,2,66.77602,154.12547
1999,3,57.459377,215.12665
1999,4,53.017178,268.44562
1999,5,33.98785,323.34216
1999,6,35.932945,331.10297
1999,7,27.342873,330.0004
1999,8,26.605545,294.75604
1999,9,13.45679,270.8978
1999,10,12.644641,227.19528
1999,11,40.606503,157.78574
1999,12,35.543484,130.29526
2000,1,38.054157,141.33415
2000,2,40.513412,192.39932
2000,3,40.00984,241.11325
2000,4,42.582195,290.26642
2000,5,45.04186,306.1845
2000,6,29.848978,339.02972
2000,7,48.15189,290.59406
2000,8,25.156082,305.0657
2000,9,40.950817,243.21777
2000,10,20.761864,223.76689
2000,11,42.308117,154.9837
2000,12,20.568647,138.30847
2001,1,67.311905,125.77423
2001,2,65.72034,140.55446
2001,3,59.229897,214.94136
2001,4,27.107409,300.2343
2001,5,29.49867,322.5649
2001,6,34.12654,344.72812
2001,7,21.441364,334.36322
2001,8,14.493148,313.05643
2001,9,15.120272,274.6105
2001,10,11.534245,226.9202
2001,11,25.824108,166.43652
2001,12,39.988533,130.11732
2002,1,70.55364,119.67472
2002,2,63.23926,155.31702
2002,3,61.96406,175.54106
2002,4,43.914474,271.73038
2002,5,39.571728,307.05975
2002,6,42.221146,327.19165
2002,7,20.038073,328.20972
2002,8,18.03262,299.3247
2002,9,7.873387,283.4241
2002,10,24.069254,219.65044
2002,11,44.142387,140.33043
2002,12,50.759842,119.59636
2003,1,67.00086,121.76981
2003,2,51.504234,166.9017
2003,3,51.78978,231.6035
2003,4,49.649426,277.8571
2003,5,41.624992,316.39185
2003,6,18.432281,357.72412
2003,7,26.219881,340.2643
2003,8,16.264372,299.00348
2003,9,21.148186,252.8097
2003,10,14.92851,226.74344
2003,11,27.525928,169.63132
2003,12,62.04504,107.76887
2004,1,48.995186,128.62337
2004,2,47.644344,185.6087
2004,3,43.542835,229.6167
2004,4,34.63664,278.47464
2004,5,29.193949,328.65875
2004,6,37.74627,340.14252
2004,7,28.961637,317.2415
2004,8,23.270912,317.6997
2004,9,27.21074,266.24734
2004,10,36.838905,199.67874
2004,11,38.75043,155.22745
2004,12,46.966396,127.2772
2005,1,62.17898,125.05082
2005,2,74.73299,133.35716
2005,3,41.185352,226.34099
2005,4,39.81693,282.83282
2005,5,41.633205,316.92435
2005,6,30.241217,344.57538
2005,7,13.909843,347.3283
2005,8,57.521908,244.85696
2005,9,17.40033,260.89838
2005,10,18.818111,211.70601
2005,11,40.181747,155.72156
2005,12,17.914715,146.67848
2006,1,50.26276,143.03801
2006,2,61.452343,169.28242
2006,3,53.980095,226.75565
2006,4,43.628235,282.521
2006,5,34.552757,331.7419
2006,6,34.244102,333.41245
2006,7,8.452227,350.4398
2006,8,24.969725,277.5024
2006,9,30.282467,253.97151
2006,10,28.414848,202.49725
2006,11,31.265379,165.51686
2006,12,34.555393,142.02464
2007,1,50.992874,137.42151
2007,2,37.728523,185.43378
2007,3,39.69447,236.92107
2007,4,28.382006,295.71127
2007,5,35.433098,333.0162
2007,6,38.221554,343.69147
2007,7,21.493279,340.12836
2007,8,34.980026,295.4655
2007,9,24.950016,246.0573
2007,10,19.722715,217.07628
2007,11,43.101093,151.45724
2007,12,32.84778,147.4563
2008,1,70.5994,123.17138
2008,2,48.675278,175.72588
2008,3,30.582867,255.92615
2008,4,63.95625,245.32854
2008,5,45.661926,307.88257
2008,6,32.615143,318.21548
2008,7,42.18639,312.61862
2008,8,24.425898,303.70178
2008,9,29.657999,246.71666
2008,10,15.575151,226.9955
2008,11,26.491976,172.2998
2008,12,41.098972,127.30049
2009,1,53.511864,133.89346
2009,2,54.096424,165.5351
2009,3,54.402267,210.68443
2009,4,51.585957,259.1166
2009,5,22.738539,333.79498
2009,6,25.018763,342.62064
2009,7,33.041965,323.39816
2009,8,18.000357,296.42493
2009,9,32.192024,252.57158
2009,10,24.717896,216.79166
2009,11,16.083586,178.11818
2009,12,36.689404,134.98349
2010,1,34.980644,149.13356
2010,2,59.71803,163.08981
2010,3,57.422432,211.08032
2010,4,52.625015,260.9815
2010,5,49.162113,324.144
2010,6,41.949554,328.6872
2010,7,18.129953,332.28082
2010,8,16.443428,306.4083
2010,9,16.0345,271.25427
2010,10,27.953562,207.01581
2010,11,54.213127,148.4378
2010,12,57.451557,123.32674
2011,1,55.953888,131.70374
2011,2,56.0941,175.81505
2011,3,56.831024,225.16835
2011,4,53.40486,276.55096
2011,5,42.639538,317.28668
2011,6,34.465317,336.62503
2011,7,23.098455,338.99863
2011,8,33.094673,282.19672
2011,9,14.230029,274.5774
2011,10,35.574448,204.1428
2011,11,41.71998,155.86717
2011,12,69.71077,109.54316
2012,1,45.829926,136.14078
2012,2,70.220795,136.40515
2012,3,52.10412,231.41832
2012,4,47.58349,289.29758
2012,5,45.518505,297.0999
2012,6,19.150858,349.6168
2012,7,23.77171,341.52
2012,8,23.83734,299.7666
2012,9,16.00254,273.5901
2012,10,29.311743,212.62927
2012,11,20.9513,171.90468
2012,12,38.407524,136.26122
2013,1,52.989746,136.61449
2013,2,37.68059,177.3829
2013,3,72.15354,192.24489
2013,4,37.590782,286.31238
2013,5,57.536816,286.51755
2013,6,32.096462,334.0068
2013,7,25.471643,326.97797
2013,8,26.634258,291.77063
2013,9,11.640021,268.66046
2013,10,14.532978,222.57608
2013,11,37.096123,157.85222
2013,12,35.193756,138.25711
2014,1,44.52576,135.50655
2014,2,38.373558,205.79134
2014,3,28.82381,266.87054
2014,4,50.283558,263.11554
2014,5,36.01635,317.6797
2014,6,34.1995,333.71207
2014,7,10.887138,348.45578
2014,8,36.240047,267.42935
2014,9,11.23911,270.56906
2014,10,24.128521,218.11734
2014,11,31.103104,160.74231
2014,12,44.188255,130.07841
