year,month,temp_c,precip_mm,clt_pct
2015,1,11.045746,0.08274135505780578,17.457767
2015,2,9.896088,15.722277998924255,40.842625
2015,3,12.403198,10.425388246774673,35.66143
2015,4,14.707031,7.068812549114227,34.127098
2015,5,14.420044,6.7408426105976105,42.643448
2015,6,17.811646,2.3959236592054367,38.293007
2015,7,21.686493,0.8084252960979939,12.319121
2015,8,24.518768,0.3825096823275089,10.060806
2015,9,25.11325,2.2892189025878906,17.98597
2015,10,18.641357,1.265580140054226,9.858489
2015,11,12.95163,9.726053774356842,20.05854
2015,12,10.38504,3.0910401046276093,18.398746
2016,1,12.620453,0.5561957117170095,34.10377
2016,2,13.38327,56.331106662750244,65.71967
2016,3,11.507721,103.6428575515747,50.65197
2016,4,15.850983,7.733657956123352,46.574833
2016,5,16.238495,6.102432742714882,27.833822
2016,6,20.043976,1.2865125015377998,29.299486
2016,7,23.790863,0.24107572110369802,26.419167
2016,8,24.371643,0.7715812232345343,40.6382
2016,9,24.582733,0.531308501958847,8.173885
2016,10,18.751831,85.09061360359192,31.797281
2016,11,14.442993,76.23238563537598,53.00951
2016,12,11.080475,112.7419102191925,54.561
2017,1,11.429993,198.99839115142822,66.32448
2017,2,11.032349,80.85902094841003,55.18031
2017,3,12.351593,69.16228437423706,42.983833
2017,4,13.988342,39.188854694366455,54.497917
2017,5,17.746704,1.8036351054906845,31.8778
2017,6,19.818878,1.893002986907959,25.77947
2017,7,22.413605,1.6660928539931774,22.725845
2017,8,24.66043,0.7386621627956629,20.123283
2017,9,21.616547,1.3031942769885063,35.222046
2017,10,21.545105,3.955861434340477,44.19908
2017,11,13.233002,86.77856683731079,33.324997
2017,12,9.356232,58.675923347473145,31.111177
2018,1,11.287781,0.9716034941375256,24.458927
2018,2,12.830566,8.629889249801636,46.00249
2018,3,12.906708,10.196838945150375,30.560104
2018,4,14.447418,19.456921219825745,45.549267
2018,5,15.7344055,2.1734910905361176,36.043575
2018,6,18.878204,2.9063817858695984,31.087515
2018,7,23.641876,0.32216793578118086,27.672344
2018,8,24.376465,0.15424629021435976,11.124106
2018,9,23.542206,9.477960169315338,18.992374
2018,10,21.04544,0.2899349657818675,9.290599
2018,11,16.720062,0.6297874823212624,17.118046
2018,12,12.104584,27.49544495344162,35.33909
2019,1,8.537842,6.197675168514252,28.818474
2019,2,14.184113,31.975122809410095,54.32632
2019,3,14.741394,61.35986387729645,32.10243
2019,4,14.881622,4.548077434301376,31.331753
2019,5,14.741547,51.613136291503906,39.106884
2019,6,18.757294,3.7987791001796722,37.234142
2019,7,23.803436,0.7841549478471279,42.42061
2019,8,25.626709,0.660495201125741,21.27573
2019,9,25.354431,43.04318904876709,19.31303
2019,10,19.158081,9.996583223342896,18.117516
2019,11,13.564362,10.230737328529358,34.495537
2019,12,9.745758,63.66964364051819,48.284878
2020,1,9.193268,147.30547666549683,54.343376
2020,2,10.597504,38.22949028015137,46.233566
2020,3,12.220886,101.49319958686829,52.01376
2020,4,12.190491,65.60628890991211,58.056164
2020,5,16.617432,21.671947181224823,45.748203
2020,6,19.181915,2.7302873879671097,34.147274
2020,7,21.779846,1.7943452261388302,42.415607
2020,8,24.755676,13.524689614772797,33.187733
2020,9,23.625336,1.1924082040786743,25.076496
2020,10,22.730377,0.7585424445569515,30.573414
2020,11,14.017792,126.14091396331787,41.321663
2020,12,10.246918,79.63945841789246,43.886845
2021,1,12.128662,77.44850707054138,63.671078
2021,2,11.4904175,115.64115619659424,57.768944
2021,3,13.589539,58.97560155391693,52.467556
2021,4,15.15567,41.73443555831909,40.36547
2021,5,17.086548,18.807672381401062,52.15742
2021,6,18.726501,3.28901544213295,23.859354
2021,7,23.184082,1.2774575538933277,22.01259
2021,8,26.326233,0.07756964955478907,14.369418
2021,9,25.925354,0.11819598264992237,32.757645
2021,10,21.234283,0.4355598269030452,16.205076
2021,11,15.006805,6.734548062086105,47.027496
2021,12,11.551544,60.667314648628235,43.170345
2022,1,13.222626,21.68150556087494,39.610428
2022,2,15.783173,0.658214183524251,31.896687
2022,3,12.359558,43.566211223602295,45.77998
2022,4,14.864685,25.96779763698578,46.357822
2022,5,15.057678,8.214646637439728,29.393951
2022,6,20.037903,1.6013191267848015,16.641924
2022,7,25.415802,0.17254289658740163,10.761106
2022,8,25.282074,0.7489096932113171,20.654339
2022,9,23.937927,17.30132281780243,23.062672
2022,10,21.684326,67.33160614967346,43.167973
2022,11,14.190247,49.578484296798706,34.881336
2022,12,13.983917,25.982512176036835,29.106482
2023,1,11.332092,13.329304546117783,33.303795
2023,2,14.01593,41.91080594062805,50.599792
2023,3,14.069733,60.70643877983093,54.113754
2023,4,16.237915,10.207293033599854,45.22507
2023,5,17.46167,21.796274483203888,51.34297
2023,6,19.640198,1.3777967914938927,23.398417
2023,7,22.30188,40.50891184806824,32.20642
2023,8,25.499725,0.8081011325120926,20.236506
2023,9,24.353363,0.6515983119606972,5.3036394
2023,10,19.881317,38.94310402870178,30.091084
2023,11,12.7127075,7.020160406827927,10.972242
2023,12,10.138306,20.18507868051529,40.11299
2024,1,11.307892,142.18824577331543,68.099236
2024,2,12.17627,4.077882573008537,33.20684
2024,3,14.665253,33.788097858428955,41.462055
2024,4,16.277649,26.126781105995178,45.400005
2024,5,15.539337,4.3213590532541275,39.76515
2024,6,19.355835,1.8853850662708282,35.304066
2024,7,23.222626,0.21759467711672187,25.851517
2024,8,24.257935,0.1333077996969223,16.175375
2024,9,25.278015,0.40740366093814373,15.893303
2024,10,20.42221,0.7987492382526398,19.803614
2024,11,14.945892,23.14931631088257,30.552801
2024,12,11.48822,3.4212310314178467,34.63034
2025,1,15.718628,0.004573669808451086,35.91588
2025,2,13.974579,17.343448221683502,49.936054
2025,3,16.042542,2.368020422756672,35.338577
2025,4,14.5763855,4.3610680103302,36.23528
2025,5,17.26184,0.8300528507679701,24.569208
2025,6,20.982819,1.5682356432080269,27.734371
2025,7,22.11438,0.5381347071379423,10.042928
2025,8,22.16394,0.9897784814238548,44.20029
2025,9,24.913544,0.6688833609223366,34.61432
2025,10,21.388092,0.10414265491999686,38.223106
2025,11,16.859924,36.453577280044556,41.36141
2025,12,12.387329,9.80402797460556,34.557465
2026,1,10.956482,158.72440147399902,64.19135
2026,2,11.272034,105.67477774620056,55.194035
2026,3,15.0224,17.323215186595917,63.942085
2026,4,14.895782,19.444801211357117,37.82539
2026,5,18.150726,2.53287660330534,36.50282
2026,6,19.099792,2.4089549481868744,34.705837
2026,7,23.594635,0.9530998971313238,15.122275
2026,8,23.750305,0.3421053532510996,10.098794
2026,9,26.646606,0.0015854162484174594,9.375029
2026,10,20.486145,28.534047067165375,19.754005
2026,11,13.756348,32.81316876411438,37.74471
2026,12,10.58252,9.515431612730026,37.60587
2027,1,12.801147,4.716677874326706,53.418118
2027,2,11.629547,94.27013397216797,57.736088
2027,3,12.024841,93.93119645118713,55.655796
2027,4,14.090332,27.294176816940308,50.53139
2027,5,16.876099,2.7425876930356026,50.231606
2027,6,20.05661,1.44187331199646,31.524847
2027,7,22.553741,0.21447398187592626,9.390595
2027,8,24.125122,0.5571975354105234,16.171362
2027,9,23.085693,0.7494845800101757,10.865412
2027,10,20.113708,1.754501398652792,31.474983
2027,11,14.6701355,28.370842337608337,46.97042
2027,12,11.953827,42.77453422546387,56.773075
2028,1,12.867401,58.48017334938049,58.276005
2028,2,12.647369,140.23596477508545,68.41484
2028,3,13.305695,101.98719763755798,61.97646
2028,4,14.3845215,16.691338419914246,52.061443
2028,5,16.275848,15.116639316082,43.818726
2028,6,20.026611,3.5373886674642563,40.854214
2028,7,24.332733,0.9807110242545605,21.153076
2028,8,24.842468,0.38376352097839117,34.896957
2028,9,21.387909,73.47010374069214,50.79404
2028,10,19.764038,12.152992844581604,36.53747
2028,11,13.815643,21.00756347179413,28.193628
2028,12,11.076752,9.65142834186554,30.913162
2029,1,11.863739,14.411105066537857,30.317146
2029,2,12.254517,127.3097472190857,43.08501
2029,3,15.144348,41.71714425086975,49.763657
2029,4,14.979584,37.23544478416443,47.32142
2029,5,18.87674,2.485888473689556,35.757286
2029,6,19.937958,2.0836861431598663,47.715015
2029,7,22.875702,0.8459990546107292,25.946663
2029,8,24.179474,0.28851113468408585,13.715299
2029,9,22.4086,4.005146920681,46.467
2029,10,20.661224,1.71610851213336,13.961772
2029,11,16.64746,45.93167781829834,27.219276
2029,12,11.683655,40.65357542037964,37.23058
2030,1,11.901276,53.87224352359772,43.53717
2030,2,11.653809,118.89087057113647,54.265034
2030,3,14.223877,86.47523903846741,42.777542
2030,4,14.582397,9.81964498758316,38.682835
2030,5,19.004364,7.32917907834053,39.971233
2030,6,19.183014,3.9499036967754364,33.152256
2030,7,23.338013,0.6843608934432268,24.27494
2030,8,24.032074,0.3724265433847904,35.741413
2030,9,23.875458,67.91237354278564,45.010178
2030,10,20.018616,62.36773061752319,56.520454
2030,11,15.06073,15.85518479347229,40.171528
2030,12,12.43631,21.716196954250336,28.653196
2031,1,11.149536,73.94935297966003,60.78772
2031,2,13.7022705,59.0258092880249,56.6734
2031,3,13.895111,52.17225253582001,39.98362
2031,4,15.0486145,60.8854079246521,40.12646
2031,5,18.158905,51.421218514442444,52.251045
2031,6,19.76706,1.7040594667196274,26.730408
2031,7,23.386505,0.6487111561000347,29.551254
2031,8,25.143402,1.9063426479697227,22.341862
2031,9,24.702545,2.2532207518815994,20.328108
2031,10,22.453644,2.010277323424816,19.377321
2031,11,16.73471,185.0633668899536,48.82451
2031,12,10.055847,81.18029952049255,43.223858
2032,1,9.37207,78.28072357177734,62.64081
2032,2,12.458038,11.637630373239517,60.294247
2032,3,16.026642,5.5048136711120605,56.10169
2032,4,15.196014,64.68933820724487,60.565517
2032,5,18.17453,4.510636404156685,51.691166
2032,6,20.19928,1.5947183221578598,50.333767
2032,7,23.81253,0.5763737112283707,22.54411
2032,8,26.46875,0.7762385196983814,25.728603
2032,9,24.528748,0.8687800168991089,9.9456415
2032,10,21.706879,2.9622994661331177,29.718359
2032,11,13.684265,66.81329011917114,41.46326
2032,12,12.260681,43.93098175525665,54.66532
2033,1,11.021851,8.453477710485458,38.57931
2033,2,13.7664795,117.42646980285645,30.259583
2033,3,12.861267,99.13655734062195,63.69353
2033,4,13.767639,40.184712409973145,61.061966
2033,5,18.104797,4.186293125152588,40.754555
2033,6,21.958313,0.6686060316860676,22.99919
2033,7,23.399963,1.1789040863513947,31.053139
2033,8,21.80075,0.8692893479019403,30.05508
2033,9,22.686554,1.257106214761734,29.037424
2033,10,21.375183,0.027135641605127603,24.13165
2033,11,15.713654,3.5300329327583313,26.432037
2033,12,13.300995,67.39831709861755,49.008568
2034,1,13.255096,134.93876266479492,57.61656
2034,2,12.537598,139.68306875228882,62.49616
2034,3,14.714813,57.570037484169006,61.263134
2034,4,14.079193,47.173179388046265,49.115158
2034,5,15.834076,22.287262558937073,39.314148
2034,6,18.968689,3.8367435336112976,36.030495
2034,7,24.309174,1.3543753251433372,21.2568
2034,8,27.432587,0.246870924718678,18.822008
2034,9,24.663025,0.1859919587150216,18.440374
2034,10,22.257904,2.074990399181843,16.195644
2034,11,14.573547,28.919686675071716,39.913147
2034,12,11.717834,42.63944935798645,37.534687
2035,1,9.74469,5.1091137528419495,26.892683
2035,2,11.590912,39.48535370826721,38.238388
2035,3,14.417847,27.084602773189545,46.041466
2035,4,16.190918,39.77437376976013,40.71997
2035,5,17.533142,23.487126529216766,41.413094
2035,6,20.193604,2.7341392636299133,34.622055
2035,7,25.325256,0.672135641798377,22.24787
2035,8,25.49234,2.208607465028763,14.80376
2035,9,25.14627,0.9343904256820679,14.3296
2035,10,23.520813,11.900567919015884,34.103897
2035,11,17.129456,0.4300941154360771,21.491938
2035,12,12.269379,71.09521675109863,39.22212
2036,1,12.944122,33.59103226661682,40.649796
2036,2,13.191803,17.764992892742157,42.45697
2036,3,13.6597595,147.14170742034912,66.0648
2036,4,15.821594,2.915196195244789,32.918518
2036,5,17.293152,16.524997174739838,41.615654
2036,6,19.733368,3.1115926802158356,27.286129
2036,7,22.327393,3.1081934049725533,29.565662
2036,8,23.944092,0.13460012339055538,23.272491
2036,9,22.071533,3.834463208913803,39.96045
2036,10,21.678406,33.8278021812439,29.07435
2036,11,14.343689,55.697951316833496,36.881073
2036,12,10.881653,130.15529346466064,46.087673
2037,1,11.928284,42.54827797412872,48.40254
2037,2,12.044586,249.50933742523193,57.340702
2037,3,12.957245,23.15997052192688,39.302505
2037,4,16.14859,8.35733413696289,41.45543
2037,5,18.031433,5.805959910154343,49.13705
2037,6,20.585022,4.938323199748993,47.15776
2037,7,22.855927,1.762309156358242,8.890888
2037,8,25.264374,0.3006060626357794,10.762199
2037,9,22.01587,15.795451998710632,12.680261
2037,10,23.287811,0.9287090990692377,15.348347
2037,11,15.276306,2.943252995610237,30.451866
2037,12,13.214172,36.281221866607666,38.788834
2038,1,12.718933,151.37657403945923,74.01699
2038,2,13.243774,28.057295203208923,54.178577
2038,3,14.861206,51.70229363441467,44.882828
2038,4,16.325562,28.724123239517212,41.185413
2038,5,17.348633,4.664744719862938,42.76304
2038,6,20.184326,1.7253830283880234,30.4508
2038,7,23.477692,0.9637623615562916,18.000666
2038,8,26.721466,0.3807927817106247,25.023708
2038,9,23.83789,15.821524858474731,19.94919
2038,10,21.668335,1.4762358888983727,22.79145
2038,11,16.494202,1.8195093423128128,35.20259
2038,12,10.742065,66.2620062828064,35.676228
2039,1,10.725769,25.78576624393463,36.190983
2039,2,11.942535,53.76579177379608,41.11796
2039,3,12.798401,94.96234107017517,72.05877
2039,4,12.61853,76.9377851486206,66.1629
2039,5,17.019287,3.51480171084404,28.911177
2039,6,18.861237,3.245994597673416,33.611683
2039,7,22.70166,1.775660838931799,18.765835
2039,8,24.194916,0.5502572935074568,8.225725
2039,9,22.946259,43.98835301399231,24.175375
2039,10,18.011902,1.5000758282840252,16.061844
2039,11,16.719635,13.193948864936829,36.98797
2039,12,11.506744,79.62205266952515,55.33606
2040,1,11.177155,6.262683883309364,27.956722
2040,2,10.607727,39.08866536617279,42.59527
2040,3,13.349426,25.79863578081131,39.733013
2040,4,16.441284,5.128874480724335,58.824738
2040,5,15.907013,2.1338029354810715,46.012444
2040,6,19.882507,16.584194898605347,40.922195
2040,7,23.128967,0.4131706263870001,15.155913
2040,8,23.990387,1.2598752304911613,15.625484
2040,9,22.423126,43.674609661102295,14.302739
2040,10,22.429718,0.0788076885510236,22.108473
2040,11,14.143585,5.307610183954239,22.78896
2040,12,13.236053,16.814932227134705,28.459345
2041,1,13.264496,4.681508377194405,22.483206
2041,2,13.027252,47.01475405693054,55.8438
2041,3,13.519989,42.53276062011719,50.894115
2041,4,16.364746,45.251455307006836,59.480583
2041,5,17.963593,43.58990669250488,37.48807
2041,6,19.279175,5.179874002933502,39.93295
2041,7,24.657074,0.5348761528730392,17.422964
2041,8,26.875305,0.15129577508196235,8.878331
2041,9,25.358612,0.3623728919774294,17.554754
2041,10,22.451477,7.950672388076782,49.539726
2041,11,14.079681,54.75209355354309,41.946743
2041,12,11.951935,88.21895503997803,58.889256
2042,1,12.154541,67.83528637886047,47.935333
2042,2,12.246948,157.97393894195557,60.477413
2042,3,13.794525,14.193190455436707,29.027975
2042,4,13.804962,92.7572751045227,55.132504
2042,5,17.827972,1.9891730844974518,41.028572
2042,6,22.136505,2.1353374421596527,22.033813
2042,7,22.667877,0.5530537385493517,25.87848
2042,8,26.207397,0.13528540544211864,10.092884
2042,9,24.073761,2.038685381412506,33.585342
2042,10,20.330017,0.701299162581563,26.367622
2042,11,15.217407,83.36661100387573,34.490704
2042,12,12.18689,9.69433018565178,31.051283
2043,1,8.492889,94.11968111991882,56.533234
2043,2,11.963593,42.96343517303467,41.303623
2043,3,15.640076,21.625960528850555,52.198353
2043,4,14.645264,26.361592411994934,37.38925
2043,5,18.777527,3.2969760224223137,38.669395
2043,6,19.741058,2.244299277663231,28.092562
2043,7,25.026245,0.34467123448848724,15.248991
2043,8,26.030579,0.37816641572862864,14.166139
2043,9,23.80957,0.8027676120400429,9.656371
2043,10,19.005035,4.415281265974045,27.721579
2043,11,13.723602,8.295431435108185,34.230328
2043,12,11.763153,3.995196208357811,33.83628
2044,1,11.722382,13.030828297138214,39.062607
2044,2,14.021332,1.109530434012413,18.291605
2044,3,16.791931,0.5351440757513046,44.887283
2044,4,14.845337,61.16426467895508,47.876484
2044,5,16.184021,4.8294341415166855,40.87563
2044,6,19.828949,2.4544568359851837,34.40322
2044,7,22.255432,2.7936914414167404,18.52081
2044,8,21.887085,0.7481454201042652,15.819802
2044,9,22.457733,2.92225643992424,18.59126
2044,10,22.598785,3.070413276553154,22.201073
2044,11,14.122955,17.286120057106018,33.316235
2044,12,12.936615,38.45022940635681,53.647705
2045,1,12.802063,0.45873810071498156,37.569405
2045,2,13.585144,74.04314589500427,57.43513
2045,3,14.411316,24.76533854007721,58.948513
2045,4,15.56192,79.18674230575562,46.78928
2045,5,17.725037,3.9753426611423492,35.24921
2045,6,22.355408,1.6692964732646942,25.067087
2045,7,23.226624,0.872393038123846,16.103207
2045,8,24.080536,0.5658469405025244,21.208237
2045,9,23.36383,7.744771242141724,38.745926
2045,10,21.203491,41.774365186691284,27.525757
2045,11,16.194794,3.7630905210971832,28.323513
2045,12,11.306702,82.49243426322937,58.117203
2046,1,11.63974,39.27784502506256,63.726994
2046,2,12.495972,152.30918502807617,44.782196
2046,3,14.3558655,60.67076253890991,46.036354
2046,4,15.161835,19.124920964241028,41.3609
2046,5,19.351593,27.861885845661163,43.46672
2046,6,21.109375,2.6674412190914154,29.2094
2046,7,24.238861,0.4571476550772786,30.11308
2046,8,26.343353,0.3348948787897825,26.98907
2046,9,24.20401,18.869812488555908,30.892187
2046,10,21.753906,84.2236225605011,31.606117
2046,11,13.832153,27.091727256774902,34.988163
2046,12,12.712006,14.39854410290718,35.365307
2047,1,10.912415,32.0481253862381,40.983536
2047,2,12.225311,62.38864588737488,52.65145
2047,3,12.910767,39.79002857208252,48.67908
2047,4,14.689484,22.800695300102234,40.115585
2047,5,19.479034,0.8942937701940536,28.338484
2047,6,20.140991,3.673667684197426,38.456676
2047,7,23.852081,1.1958196051418781,13.059025
2047,8,25.786255,0.5507108569145203,24.717848
2047,9,23.902039,8.476508259773254,20.469763
2047,10,21.307709,0.31347357854247093,26.661926
2047,11,15.129639,24.616767168045044,17.332888
2047,12,11.18808,23.01105159521103,36.991344
2048,1,15.370605,9.99075174331665,52.65687
2048,2,14.0289,52.661043763160706,66.3123
2048,3,13.7039795,39.79551637172699,48.35159
2048,4,15.023987,66.62496328353882,58.032696
2048,5,15.660919,16.198325276374817,41.637592
2048,6,20.007141,2.0317943394184113,30.50755
2048,7,22.237396,0.8759829737246037,21.069557
2048,8,23.429077,0.46152345929294825,29.258099
2048,9,25.603394,1.0757121071219444,13.924433
2048,10,23.146454,0.23783422959968448,18.270346
2048,11,17.44806,0.2323227608576417,37.80983
2048,12,10.759644,29.549009144306183,40.543
2049,1,13.826477,65.85078716278076,48.13472
2049,2,13.601593,167.26907205581665,59.751633
2049,3,14.383026,79.4705228805542,60.832695
2049,4,14.628998,11.314636766910553,52.25729
2049,5,19.066406,1.278725914657116,27.366756
2049,6,20.132172,3.959514945745468,37.64137
2049,7,25.004059,0.7302085030823946,29.820133
2049,8,25.52356,49.99721026420593,36.711464
2049,9,22.447021,2.519104778766632,14.043574
2049,10,20.369171,37.669686913490295,24.424889
2049,11,14.400879,8.028492629528046,26.28636
2049,12,9.596222,50.19733941555023,44.159
2050,1,12.862061,0.33848195616155863,27.823822
2050,2,13.654175,117.54427289962769,58.35957
2050,3,13.179565,75.84633564949036,43.192093
2050,4,15.768585,1.8484623357653618,39.867134
2050,5,18.885742,1.1896767802536488,43.43418
2050,6,21.052002,1.4201762527227402,18.0648
2050,7,24.760101,0.28261235635727644,17.51378
2050,8,23.957275,1.0529296360909939,24.857204
2050,9,23.601837,59.347532987594604,31.199745
2050,10,23.231384,4.049759164452553,14.207268
2050,11,16.483734,40.3844940662384,42.937054
2050,12,13.750732,19.9623202085495,61.13847
2051,1,11.546509,94.30733060836792,43.48814
2051,2,13.669617,122.74631881713867,79.903946
2051,3,13.104523,116.0869550704956,64.971214
2051,4,14.993408,9.492798149585724,40.048306
2051,5,16.457672,36.64108109474182,64.21045
2051,6,18.125671,3.655625134706497,40.738598
2051,7,22.59201,2.31949520111084,19.64474
2051,8,23.722961,2.210634209215641,28.124962
2051,9,23.482025,0.7180670276284218,14.236725
2051,10,21.148407,12.328491568565369,38.0582
2051,11,16.474792,9.58109825849533,38.150723
2051,12,10.592041,97.28805947303772,32.632168
2052,1,12.143524,8.694197177886963,44.563057
2052,2,13.026642,41.22888171672821,52.424553
2052,3,12.865112,97.77596735954285,46.84658
2052,4,16.756256,24.43131387233734,70.99672
2052,5,18.042511,2.522678904235363,29.246016
2052,6,19.678162,2.5282971560955048,25.698195
2052,7,22.464691,1.4753309562802315,20.370375
2052,8,24.395996,0.5617557466030121,11.96147
2052,9,24.283539,3.111579045653343,24.70809
2052,10,20.775177,1.5581663586199284,17.460335
2052,11,15.73056,9.720051884651184,30.546663
2052,12,12.312164,4.940908536314964,10.272968
2053,1,11.732971,3.393805891275406,34.761787
2053,2,12.653473,76.14382028579712,41.49607
2053,3,12.863831,16.68189650774002,36.98581
2053,4,15.444,10.806366205215454,34.297882
2053,5,16.552643,5.3651949018239975,29.869125
2053,6,18.783966,2.3281513899564743,18.130308
2053,7,23.708282,0.5355095826089382,24.509212
2053,8,24.434967,0.8390536736696959,18.68914
2053,9,23.647003,1.352984793484211,19.012844
2053,10,20.638641,13.733584463596344,23.279774
2053,11,14.028687,10.298199355602264,24.117744
2053,12,12.198517,10.234229892492294,30.863342
2054,1,15.199738,3.7060064896941185,40.453365
2054,2,14.037781,41.42848598957062,43.133797
2054,3,14.000244,11.754688531160355,32.892624
2054,4,15.587097,3.9387045800685883,28.368843
2054,5,17.074982,3.6472990438342094,41.262707
2054,6,20.427551,3.963141292333603,37.917973
2054,7,23.61148,0.6433939840644598,22.80633
2054,8,24.512543,0.8690041024237871,36.984093
2054,9,23.569092,1.6471626609563828,31.768307
2054,10,21.200958,8.199159771203995,14.066127
2054,11,14.19165,108.61697673797607,51.30702
2054,12,11.536072,68.136394739151,43.265324
2055,1,11.620544,96.90903544425964,34.867985
2055,2,12.323212,39.61058950424194,57.864292
2055,3,15.48938,6.8159797340631485,35.999878
2055,4,14.691223,43.86440992355347,44.006306
2055,5,18.09195,4.503015846014023,51.35836
2055,6,19.447205,2.761891186237335,40.86247
2055,7,24.205048,1.432743113487959,15.625031
2055,8,23.998627,0.4884538948535919,29.703428
2055,9,25.632507,1.1585797369480133,15.688022
2055,10,20.937836,1.196772925555706,24.483923
2055,11,16.879456,8.316164016723633,31.182804
2055,12,12.39505,31.751662254333496,35.691452
2056,1,13.065186,72.96647143363953,28.185482
2056,2,12.009644,30.8910653591156,58.145046
2056,3,14.5503845,98.393150806427,54.450077
2056,4,16.715118,43.512418270111084,59.77122
2056,5,16.984161,6.124507740139961,30.662983
2056,6,20.759155,6.189104318618774,38.58242
2056,7,26.78479,0.1290221307426691,28.54219
2056,8,24.11435,1.1480032242834568,19.62255
2056,9,26.49765,21.66830599308014,43.51149
2056,10,20.993347,11.763263911008835,33.913116
2056,11,14.702118,50.49295663833618,40.046833
2056,12,10.178741,70.55572724342346,49.600967
2057,1,12.310272,20.07773768901825,53.232113
2057,2,11.003845,111.8230926990509,71.82337
2057,3,11.641602,44.1096031665802,44.16184
2057,4,15.866638,4.526606798171997,37.851826
2057,5,16.878113,5.02672053873539,40.007835
2057,6,21.401642,2.4589459598064423,23.454803
2057,7,21.229279,3.1018953695893288,17.637136
2057,8,23.690948,0.8571563679724932,6.0561438
2057,9,25.621704,1.2296504527330399,19.502169
2057,10,24.014557,0.008734579954762012,22.75879
2057,11,16.906097,20.705147981643677,38.236515
2057,12,11.135071,105.23655152320862,55.963085
2058,1,9.133118,23.615298986434937,32.52637
2058,2,11.968842,33.64562368392944,41.277298
2058,3,14.472443,39.49261200428009,53.348732
2058,4,14.627808,2.13105708360672,39.742607
2058,5,17.000671,2.9247221276164055,35.270214
2058,6,19.877563,7.229572534561157,32.125866
2058,7,25.593811,0.156624264549464,25.730839
2058,8,26.249054,0.7373644113540649,26.621696
2058,9,24.346405,1.0455841943621635,13.315622
2058,10,22.682556,48.57225966453552,32.405937
2058,11,16.898285,16.259994506835938,40.587082
2058,12,11.824982,2.6606721207499504,34.012493
2059,1,11.430054,71.83847546577454,43.294254
2059,2,12.10025,60.8339741230011,50.481922
2059,3,13.721924,42.623141169548035,38.556553
2059,4,16.617157,49.460567235946655,48.563576
2059,5,17.674408,8.435062170028687,46.189503
2059,6,21.153229,3.723919093608856,34.45971
2059,7,22.765778,1.9220377318561077,22.36435
2059,8,24.177185,0.9033074118196964,12.760483
2059,9,24.278442,61.59785985946655,32.518223
2059,10,23.403595,11.377447575330734,27.33077
2059,11,16.738373,7.357785701751709,28.737654
2059,12,15.391052,7.972986668348312,20.8384
2060,1,13.207336,5.417392283678055,35.015553
2060,2,13.999908,5.468042343854904,46.849842
2060,3,14.970398,9.455135107040405,44.335228
2060,4,18.3555,38.26797366142273,48.11891
2060,5,16.628235,10.840813755989075,34.178726
2060,6,20.561829,2.0511972159147263,32.120937
2060,7,24.985687,0.9608510099351406,16.012836
2060,8,25.146057,1.7504323199391365,13.548365
2060,9,25.720825,23.099060654640198,26.801563
2060,10,23.650635,3.0573049187660217,23.613218
2060,11,16.795471,20.91511845588684,37.063335
2060,12,11.388123,102.5230655670166,47.707924
2061,1,11.317688,1.3907285332679749,38.409634
2061,2,9.976837,27.534133434295654,38.895885
2061,3,14.898224,95.83007860183716,58.274513
2061,4,15.268158,15.244574546813965,42.10631
2061,5,17.432465,8.381965398788452,37.673653
2061,6,19.742584,1.932193636894226,33.429485
2061,7,25.976013,0.5229351073503494,47.505463
2061,8,24.697357,0.4319769935682416,28.731674
2061,9,26.525787,3.9954525232315063,24.219425
2061,10,22.803253,134.37663459777832,37.034534
2061,11,14.63681,43.398674726486206,31.507744
2061,12,11.7836,111.54256176948547,48.915432
2062,1,11.934937,54.423558592796326,35.338936
2062,2,11.311798,85.55730271339417,54.48693
2062,3,15.122711,58.27436053752899,59.66397
2062,4,16.781952,36.87218427658081,49.623993
2062,5,19.653229,4.213388442993164,41.99477
2062,6,20.128204,3.258177638053894,33.766983
2062,7,25.89505,10.038024425506592,47.67579
2062,8,25.411682,0.9566291458904743,14.705418
2062,9,25.706268,6.73580601811409,22.851004
2062,10,22.430695,0.7389479279518127,23.252747
2062,11,14.73819,42.183380126953125,38.621567
2062,12,13.234955,59.8458594083786,60.05
2063,1,10.735657,90.81175374984741,59.385532
2063,2,12.106262,32.69570052623749,45.6879
2063,3,13.572968,61.15605032444,48.52436
2063,4,14.783295,7.7304089069366455,25.898443
2063,5,18.102692,17.1379936337471,39.29703
2063,6,19.291351,3.0919522047042847,38.81656
2063,7,24.39618,0.79543611779809,24.095781
2063,8,25.57312,1.2302336059510708,25.264515
2063,9,27.081451,17.214794754981995,16.278938
2063,10,23.471497,1.4834456704556942,13.441929
2063,11,15.678711,1.9937438517808914,23.713951
2063,12,10.411987,62.24530649185181,30.73714
2064,1,13.904633,42.180946469306946,46.102867
2064,2,15.934723,5.131446078419685,37.417442
2064,3,13.227661,87.29509043693542,56.828976
2064,4,12.68457,40.39056658744812,35.407307
2064,5,17.10379,3.4315587654709816,48.612587
2064,6,19.590027,2.157372459769249,50.396088
2064,7,22.810638,2.033732123672962,43.090023
2064,8,26.830841,1.8634291402995586,8.245841
2064,9,22.535461,1.1892440915107727,8.061271
2064,10,21.076782,1.2172126695513725,25.289171
2064,11,15.1232605,55.49463629722595,33.662975
2064,12,13.187042,29.086450457572937,44.180756
2065,1,11.771332,29.01910573244095,45.333485
2065,2,14.498322,1.3875960297882557,62.651276
2065,3,14.242279,36.22360551357269,56.813965
2065,4,15.570953,20.553510189056396,52.033504
2065,5,16.83191,14.187504947185516,30.203001
2065,6,20.835327,1.5349697694182396,22.793592
2065,7,23.82077,2.3801607936620712,24.20798
2065,8,25.865936,1.3639927171170712,29.942446
2065,9,23.199646,1.4214161038398743,34.30815
2065,10,20.525665,90.02752685546875,16.55599
2065,11,17.01886,30.00136971473694,35.91025
2065,12,12.8284,5.416910022497177,28.761095
2066,1,11.765564,33.81948733329773,28.650913
2066,2,13.78833,14.459682792425156,57.53483
2066,3,13.47052,87.53018260002136,56.374508
2066,4,15.022278,49.50283885002136,62.068092
2066,5,18.607025,8.289897859096527,47.078053
2066,6,22.65033,2.206384465098381,48.719612
2066,7,26.920227,0.3653488466516137,50.908752
2066,8,25.567719,0.4046882977709174,16.19895
2066,9,24.279327,6.757887303829193,39.45216
2066,10,22.477875,5.220835745334625,32.723915
2066,11,15.135925,1.5772426128387451,19.916763
2066,12,13.521912,47.03987014293671,48.201054
2067,1,11.939453,2.394370175898075,34.36967
2067,2,14.706757,45.700116991996765,65.37159
2067,3,15.79834,2.495512217283249,45.0487
2067,4,16.501526,27.011377215385437,49.51809
2067,5,17.782104,24.61310476064682,46.902493
2067,6,20.754425,2.4325668811798096,38.774643
2067,7,22.097015,2.0946737229824066,20.124485
2067,8,23.523346,1.045188281685114,21.584614
2067,9,24.378021,1.200113408267498,24.798553
2067,10,21.728058,55.70571184158325,28.812483
2067,11,16.06073,2.361939209549746e-05,19.76105
2067,12,10.876465,117.19163250923157,37.808002
2068,1,11.223358,43.6092267036438,41.927376
2068,2,13.65213,53.95126700401306,69.07633
2068,3,14.416534,42.717010259628296,47.057796
2068,4,15.330261,46.49033188819885,42.242836
2068,5,18.328552,2.4898019954562187,44.162537
2068,6,21.68509,0.5091103166341782,21.232704
2068,7,23.901306,0.744179006665945,22.04134
2068,8,26.146729,0.8767562545835972,21.026876
2068,9,25.214264,57.92479634284973,24.980589
2068,10,21.34903,5.73217810690403,22.02352
2068,11,16.075989,8.02657663822174,28.102076
2068,12,10.182587,59.81276261806488,47.19205
2069,1,12.119934,4.632646635174751,41.464024
2069,2,13.472656,32.41446793079376,53.95395
2069,3,14.439484,14.69847360253334,29.186708
2069,4,16.817657,6.966648101806641,38.520844
2069,5,19.402374,4.696578115224838,27.058573
2069,6,20.662598,2.224632650613785,29.873365
2069,7,26.568176,0.1031427439302206,26.048447
2069,8,25.154114,4.384031757712364,31.605593
2069,9,23.828308,0.5234132520854473,18.731907
2069,10,21.82962,0.8621780164539814,21.097755
2069,11,16.835907,18.386912941932678,22.77572
2069,12,13.816925,21.412128508090973,47.75703
2070,1,10.22702,11.97034427523613,29.436287
2070,2,11.7854,83.88011932373047,46.622128
2070,3,14.124054,18.448033034801483,39.303917
2070,4,14.935059,48.88888478279114,48.146584
2070,5,17.340454,15.953436374664307,47.240665
2070,6,20.576385,3.242301642894745,34.54016
2070,7,24.556244,1.344449706375599,22.547237
2070,8,25.288422,2.450284294784069,15.874941
2070,9,27.00293,0.536527968943119,16.321491
2070,10,21.65976,21.97097682952881,36.851578
2070,11,14.915527,13.036405742168427,35.912064
2070,12,11.942505,34.18769836425781,36.397373
2071,1,9.800964,5.542142257094383,13.392524
2071,2,11.554169,35.89417767524719,53.52184
2071,3,11.396179,154.0350489616394,55.3944
2071,4,13.960266,17.435197234153748,39.778225
2071,5,16.547638,5.722709342837334,54.784344
2071,6,19.427551,3.2589811831712723,30.528564
2071,7,22.006805,1.0837375335395336,25.75157
2071,8,23.52127,12.830011785030365,34.70916
2071,9,23.359985,0.5207441747188568,18.989994
2071,10,22.079834,52.17013871669769,25.674881
2071,11,14.394226,23.953739404678345,30.229618
2071,12,9.713501,35.248451232910156,27.374037
2072,1,12.914764,92.43704414367676,65.11104
2072,2,11.633667,75.83755159378052,54.252384
2072,3,13.149719,73.7056725025177,46.967358
2072,4,16.776642,42.29994177818298,47.965588
2072,5,18.501373,11.65649664402008,31.394484
2072,6,20.406616,1.3217433169484138,31.860748
2072,7,22.602417,1.3592160679399967,26.364563
2072,8,25.978973,0.2167100696824491,19.043444
2072,9,26.775085,4.282210618257523,27.010027
2072,10,21.892792,2.659164823591709,20.295946
2072,11,15.617889,28.286238312721252,41.2318
2072,12,11.045929,45.174731492996216,25.00577
2073,1,10.53775,45.6324805021286,40.663654
2073,2,12.748169,69.30873775482178,43.786842
2073,3,13.4001465,56.20300996303558,55.512447
2073,4,15.209656,7.031054645776749,35.623444
2073,5,17.770294,3.205987334251404,36.36922
2073,6,21.067291,1.2250908091664314,33.62802
2073,7,22.99997,0.4839971074834466,12.842584
2073,8,23.181427,0.6192653924226761,14.842596
2073,9,29.041046,0.877222940325737,42.149784
2073,10,22.233429,5.493290215730667,27.85795
2073,11,15.997406,38.81599187850952,51.108074
2073,12,10.236816,32.133121609687805,34.862938
2074,1,10.918793,41.138142585754395,54.070736
2074,2,14.080414,27.47930085659027,54.23644
2074,3,14.013702,18.149821937084198,29.293812
2074,4,15.197662,45.33618092536926,41.179466
2074,5,18.998077,3.461686000227928,38.2359
2074,6,20.957733,3.7121685594320297,38.71232
2074,7,23.57965,0.5750709939748049,25.827936
2074,8,25.37918,0.23433454474434257,29.543434
2074,9,24.243317,43.843252658843994,22.529
2074,10,22.11856,15.828379213809967,26.26871
2074,11,15.207855,65.98307132720947,47.876232
2074,12,13.951874,10.939775228500366,35.488583
2075,1,10.397522,130.66593599319458,57.46867
2075,2,11.536774,17.706094801425934,36.596737
2075,3,11.144287,138.08019351959229,61.301952
2075,4,13.16394,62.88503408432007,49.4489
2075,5,15.581177,7.828310161828995,41.174564
2075,6,19.973145,3.9480364322662354,42.485905
2075,7,26.149323,0.41715733613818884,26.039637
2075,8,24.730835,1.1276099048554897,33.61256
2075,9,23.759186,4.049220085144043,18.405304
2075,10,23.84143,0.5109903085976839,18.254622
2075,11,14.54834,0.05585849052295089,20.642628
2075,12,13.657227,17.101522862911224,39.02423
2076,1,9.127686,37.15162754058838,38.605026
2076,2,13.168213,90.62136316299438,55.820892
2076,3,12.866577,13.362405955791473,31.358255
2076,4,15.647705,2.734115347266197,40.551586
2076,5,16.385712,6.2187279015779495,35.445045
2076,6,20.429901,3.4804590046405792,29.64316
2076,7,23.919006,0.11769293388351798,32.786327
2076,8,23.375336,1.273962315171957,30.058321
2076,9,23.24356,79.16959047317505,20.740738
2076,10,22.425446,0.00985648445202969,28.020426
2076,11,15.162811,3.377121090888977,45.88219
2076,12,10.749359,69.89197325706482,51.156933
2077,1,11.863525,56.00024223327637,61.17206
2077,2,12.4552,169.85818195343018,75.06794
2077,3,14.397522,57.6255658864975,60.844055
2077,4,14.339508,75.53164958953857,46.044758
2077,5,17.885315,21.277507424354553,49.71902
2077,6,20.371033,2.7088437974452972,50.901775
2077,7,25.214233,20.01210582256317,32.297756
2077,8,23.62851,1.5709386579692364,45.95014
2077,9,25.22815,3.3606447279453278,45.516125
2077,10,20.814178,4.921319678425789,23.345745
2077,11,17.605438,0.5285240896046162,34.435806
2077,12,11.511414,108.16291236877441,43.560177
2078,1,11.92984,149.8799605369568,46.82461
2078,2,12.026611,26.226991295814514,39.238018
2078,3,14.438812,28.36434841156006,29.178528
2078,4,15.711365,2.6482006162405014,20.511028
2078,5,17.792725,6.8072671592235565,39.042713
2078,6,21.151062,0.70013377815485,35.378597
2078,7,24.849579,28.582807183265686,24.290422
2078,8,24.60846,0.2580227814614773,15.801445
2078,9,23.579803,1.9177188724279404,23.119865
2078,10,22.011353,6.283850714564323,37.85649
2078,11,16.661682,0.27732549235224724,21.987993
2078,12,9.176025,37.6033935546875,37.605595
2079,1,13.973541,0.9233426153659821,43.27262
2079,2,12.804443,4.18337807059288,31.602785
2079,3,14.38092,27.832224011421204,46.05869
2079,4,17.615173,3.114961087703705,33.751095
2079,5,17.601654,36.819092750549316,38.85805
2079,6,19.91153,2.768765464425087,34.46064
2079,7,23.006287,20.643882751464844,35.286587
2079,8,25.214203,0.26684795320034027,15.281142
2079,9,23.670868,1.7900248244404793,36.412594
2079,10,21.932007,0.37826890777796507,19.841993
2079,11,15.740295,0.4189842939376831,9.9704485
2079,12,10.673645,80.92543649673462,27.025013
2080,1,11.261505,17.14672976732254,57.52263
2080,2,13.577209,50.3113739490509,34.191532
2080,3,13.148132,148.24587488174438,58.43549
2080,4,15.575195,11.896689534187317,39.504726
2080,5,16.359772,20.7207008600235,48.204548
2080,6,18.844208,3.7165919691324234,33.26533
2080,7,22.07782,1.3121959492564201,25.078575
2080,8,24.321808,0.8328182306140661,20.438322
2080,9,23.539764,0.8799990266561508,10.988891
2080,10,20.287994,3.667669266462326,33.68658
2080,11,12.534393,76.88075065612793,41.628357
2080,12,10.777985,105.14444518089294,55.103127
2081,1,8.796814,44.23962152004242,45.432617
2081,2,14.051849,19.652227818965912,46.998436
2081,3,13.123352,45.0820597410202,46.620605
2081,4,15.992615,3.2493670284748077,49.882584
2081,5,16.638702,16.403445184230804,43.09291
2081,6,21.912567,1.1934314668178558,33.830227
2081,7,24.09494,9.01171812415123,42.67862
2081,8,24.545013,0.60244295373559,24.886902
2081,9,23.522522,0.7700038701295853,27.639551
2081,10,19.984894,8.619097471237183,16.522985
2081,11,14.738617,89.54586982727051,62.794106
2081,12,13.150513,9.585192263126373,32.899956
2082,1,11.599426,167.52720165252686,63.28962
2082,2,13.484619,25.916907727718353,38.90161
2082,3,14.910492,93.84350991249084,53.615543
2082,4,17.082825,21.89104914665222,51.357235
2082,5,16.88028,23.487261414527893,51.67863
2082,6,19.543549,2.651502415537834,42.123226
2082,7,23.613708,3.1098741590976715,50.673607
2082,8,24.74347,0.4996074549853802,16.90965
2082,9,24.437042,0.6038773991167545,21.267338
2082,10,22.437775,1.8370601013302803,16.399569
2082,11,17.16568,5.172406733036041,31.772795
2082,12,13.86261,83.79676413536072,41.73236
2083,1,11.101898,146.5846643447876,50.74387
2083,2,12.916565,23.318712651729584,26.29016
2083,3,12.648773,36.3427517414093,38.071453
2083,4,14.970978,19.768552780151367,38.497326
2083,5,16.511993,13.03560471534729,57.398895
2083,6,20.176727,2.945973202586174,39.949738
2083,7,24.207458,1.2679957188665867,25.592192
2083,8,26.704712,0.5298648979514837,22.28096
2083,9,24.294495,0.6026892364025116,23.203253
2083,10,21.12436,0.5319011695683002,29.064602
2083,11,16.86615,2.427207827568054,31.39555
2083,12,12.462097,7.55036373436451,27.864716
2084,1,12.393005,28.743167340755463,38.838417
2084,2,14.404327,31.441489577293396,34.383087
2084,3,14.90332,35.863354563713074,46.72283
2084,4,15.165588,62.87776708602905,43.655144
2084,5,18.200562,27.58750879764557,35.472603
2084,6,20.72815,1.6576402634382248,26.506544
2084,7,23.148773,1.0615263804793358,12.432336
2084,8,24.404358,0.4175658607855439,9.525125
2084,9,25.490234,6.555897295475006,36.888336
2084,10,23.142487,107.97768712043762,30.863173
2084,11,15.487549,42.25159406661987,42.19819
2084,12,11.102142,3.5824115872383118,22.497929
2085,1,13.36557,0.0001621419455659634,15.526913
2085,2,15.696167,15.01748526096344,43.666172
2085,3,12.332581,77.21382880210876,53.814823
2085,4,14.778503,7.361056208610535,40.50543
2085,5,17.007996,59.05270791053772,44.922596
2085,6,19.22293,2.445368394255638,26.957043
2085,7,22.020935,2.7758639454841614,27.814705
2085,8,24.854034,1.3601839393377304,21.14863
2085,9,22.325104,75.86686849594116,25.225931
2085,10,19.816895,16.23771733045578,19.307713
2085,11,14.954773,5.318734645843506,26.431335
2085,12,14.796692,0.3005046099424362,39.275692
2086,1,12.64035,10.253289371728897,49.930286
2086,2,13.675018,147.07609462738037,56.99921
2086,3,15.002289,9.608442425727844,34.12885
2086,4,17.065918,13.11807096004486,31.443115
2086,5,17.675415,21.57794690132141,37.950798
2086,6,20.256958,0.9051354043185711,32.076393
2086,7,25.739166,1.5912624560296535,43.159176
2086,8,24.428497,0.6708117332309484,25.614077
2086,9,24.26233,19.029563069343567,40.709564
2086,10,21.588226,45.63694095611572,24.794426
2086,11,15.153381,10.27747929096222,28.977789
2086,12,11.841187,62.44407939910889,47.808987
2087,1,12.523529,59.95029389858246,52.8657
2087,2,12.112366,119.26611471176147,56.85028
2087,3,12.633057,35.09179210662842,34.320457
2087,4,14.082794,25.95150053501129,36.886692
2087,5,16.52652,5.4406308978796005,44.264633
2087,6,20.017517,2.511444389820099,46.5966
2087,7,24.522552,0.7598915863782167,24.791058
2087,8,25.658966,0.4261056138202548,15.498626
2087,9,24.075348,1.0996176302433014,14.906125
2087,10,23.812378,2.1944514364004135,11.544
2087,11,16.849304,64.52841997146606,38.6742
2087,12,13.180115,31.471012115478516,46.029526
2088,1,12.051819,105.95022416114807,73.0565
2088,2,12.44989,49.18010330200195,56.793335
2088,3,14.992096,63.950825929641724,47.63567
2088,4,15.763519,84.83500957489014,53.959347
2088,5,16.959015,8.626845985651016,30.704744
2088,6,19.131714,3.658979684114456,33.89844
2088,7,22.41748,2.6868708208203316,20.124136
2088,8,26.894958,0.42637703008949757,19.745543
2088,9,27.35199,2.692178785800934,11.304344
2088,10,20.099945,15.324002385139465,21.777496
2088,11,14.571228,1.1878501251339912,25.466139
2088,12,10.633148,46.54901695251465,46.44755
2089,1,11.929138,3.4384067356586456,44.514717
2089,2,13.6562805,8.22894611954689,39.28981
2089,3,13.733734,56.622939348220825,47.245815
2089,4,17.618652,38.88798236846924,54.064545
2089,5,15.955414,17.23390817642212,39.178497
2089,6,19.362732,3.0039768666028976,45.349804
2089,7,25.893127,1.5873325355350971,16.684547
2089,8,26.631836,0.14848638139665127,12.8804865
2089,9,24.607758,1.85536477714777,14.232833
2089,10,21.595428,37.74112069606781,29.841988
2089,11,14.691132,18.33979904651642,17.208128
2089,12,9.8689575,4.988083750009537,11.202725
2090,1,11.2673645,59.20327317714691,47.671776
2090,2,13.508728,38.11350905895233,42.31075
2090,3,14.622864,139.60054683685303,55.946182
2090,4,15.373718,20.87176501750946,43.793133
2090,5,17.364258,1.8761762641370296,26.42351
2090,6,18.873413,2.0815665274858475,29.518452
2090,7,25.073944,1.6963311843574047,25.829908
2090,8,25.322388,0.9255996346473694,20.382128
2090,9,26.17221,16.869261860847473,16.776226
2090,10,20.924744,9.084157079458237,30.547966
2090,11,15.9131775,5.398362725973129,35.38585
2090,12,12.302521,88.1277208328247,63.24838
2091,1,12.72879,47.400649547576904,36.66847
2091,2,12.428467,54.56580603122711,53.353817
2091,3,14.716095,3.813467815518379,42.234818
2091,4,17.139465,0.8687557652592659,32.133476
2091,5,16.099854,14.505003720521927,37.670227
2091,6,21.913757,1.7266114801168442,30.343723
2091,7,24.119507,0.31948645506054163,20.71975
2091,8,26.38089,0.3269808469340205,27.523226
2091,9,23.743317,3.1137236952781677,22.113716
2091,10,21.872345,1.3513586521148682,14.498305
2091,11,17.23349,1.391305960714817,27.436907
2091,12,12.473145,110.18017578125,54.608383
2092,1,13.878113,14.022472769021988,47.2335
2092,2,13.0065,42.171852707862854,41.38863
2092,3,14.63324,52.39563000202179,52.124237
2092,4,17.427185,2.269527241587639,39.520157
2092,5,18.205261,35.72663629055023,49.09313
2092,6,20.55069,2.9131637513637543,46.022736
2092,7,23.868744,0.40192568954080343,24.640348
2092,8,25.982666,0.19717912701889873,15.046319
2092,9,24.746979,1.0836910083889961,25.08847
2092,10,22.232513,2.499019928276539,24.050642
2092,11,15.427826,2.1211829781532288,34.205223
2092,12,12.504639,27.77216124534607,50.852875
2093,1,11.298706,32.20478820800781,36.797653
2093,2,11.921326,121.33651208877563,47.60128
2093,3,14.530914,30.65142124891281,49.136852
2093,4,15.772095,92.71109104156494,50.038567
2093,5,15.366486,27.01101452112198,42.998135
2093,6,18.38266,4.983951151371002,41.2774
2093,7,24.843079,1.8285119757056236,23.026342
2093,8,27.662872,1.5180797837674618,21.193222
2093,9,24.837738,0.8403270877897739,19.662056
2093,10,22.956055,0.3334132479503751,14.452311
2093,11,17.79364,14.206708073616028,36.237923
2093,12,12.151581,26.82131403684616,18.95546
2094,1,13.201599,107.68216633796692,59.95071
2094,2,13.779388,17.299890875816345,51.193924
2094,3,14.04248,20.191737949848175,53.843353
2094,4,15.412109,17.330825328826904,41.283768
2094,5,18.309875,4.509828016161919,35.944744
2094,6,20.780579,2.190636992454529,40.900177
2094,7,23.584808,3.0332710817456245,24.872877
2094,8,27.484344,2.7436988800764084,26.188623
2094,9,25.057465,11.785225868225098,29.458426
2094,10,22.628967,0.7337433528155088,14.934272
2094,11,18.025574,17.819634675979614,27.35506
2094,12,13.548492,34.835986733436584,39.666264
2095,1,12.458496,132.03876543045044,45.914753
2095,2,13.850555,23.71476835012436,55.555283
2095,3,12.963654,19.74988692998886,45.418663
2095,4,12.771454,128.60153675079346,64.58463
2095,5,16.267303,19.714742839336395,43.28223
2095,6,20.551361,4.361461400985718,45.52554
2095,7,22.866455,0.7164135929197073,22.467766
2095,8,24.893616,0.7155995462089777,10.715975
2095,9,24.559143,1.6008511930704117,9.668649
2095,10,20.930054,8.508079469203949,24.24361
2095,11,14.881012,4.156339019536972,31.02564
2095,12,12.311981,10.86819639801979,30.744148
2096,1,9.254883,3.385366551578045,34.44548
2096,2,10.8905945,89.04576230049133,65.08529
2096,3,11.904266,14.911331862211227,39.41141
2096,4,15.402069,28.830116987228394,53.984653
2096,5,18.779907,2.434065029025078,36.801655
2096,6,20.738007,1.867176778614521,37.388454
2096,7,24.057861,0.15304535767063498,37.83612
2096,8,24.730927,1.9548068940639496,18.084297
2096,9,21.307922,0.5370713397860527,33.22483
2096,10,21.781647,5.511753335595131,18.657854
2096,11,16.226746,29.222983717918396,28.973616
2096,12,11.164917,26.89126592874527,46.37105
2097,1,12.349579,100.02830076217651,62.415585
2097,2,13.046448,66.75613451004028,47.536484
2097,3,13.182892,48.04813230037689,46.207367
2097,4,14.628876,30.27397871017456,35.154495
2097,5,17.23349,19.264942824840546,48.969845
2097,6,20.051208,2.978534549474716,42.900818
2097,7,21.974976,3.460882231593132,39.066963
2097,8,25.692139,1.131793774664402,15.46624
2097,9,26.53598,5.109773576259613,33.094048
2097,10,20.40625,46.173961877822876,28.140686
2097,11,14.867706,56.442739963531494,37.84861
2097,12,12.512848,27.85033744573593,42.017128
2098,1,12.623627,53.80492651462555,40.280445
2098,2,12.9305725,48.309789538383484,55.667534
2098,3,13.261505,115.59776854515076,59.574577
2098,4,14.889648,26.343957781791687,49.687855
2098,5,18.209076,6.218390226364136,34.663406
2098,6,20.112946,2.1153637021780014,43.040874
2098,7,24.290955,4.6423648446798325,23.169697
2098,8,25.167969,7.4820466339588165,14.711089
2098,9,22.138824,8.280006051063538,34.763985
2098,10,22.25943,3.5216448307037354,28.097923
2098,11,17.04303,19.054731130599976,38.56306
2098,12,12.041962,92.79694771766663,32.71205
2099,1,11.081146,29.10019212961197,40.785923
2099,2,12.810394,119.54180908203125,65.001175
2099,3,13.34256,34.79292321205139,55.411884
2099,4,12.537445,90.2833342552185,52.19287
2099,5,16.551575,10.116310566663742,52.55085
2099,6,19.544922,3.369937241077423,34.204834
2099,7,23.772156,1.8112045042216778,29.306145
2099,8,24.85556,0.17834819061681628,14.535586
2099,9,24.595795,6.20353102684021,35.58878
2099,10,21.566284,11.499695241451263,29.232147
2099,11,13.458221,14.479663968086243,19.009777
2099,12,11.810699,49.59878492355347,44.80128
2100,1,13.100098,163.15186214447021,51.23837
2100,2,12.40387,112.39973187446594,53.86303
2100,3,13.722961,7.2360712587833405,42.308403
2100,4,15.442871,9.213484525680542,33.29353
2100,5,16.956085,36.733460903167725,53.434853
2100,6,19.926605,2.5599999725818634,33.182465
2100,7,23.563232,1.5573019608855247,25.777966
2100,8,25.435272,2.210741840302944,25.870907
2100,9,24.807312,1.0355958715081215,34.002193
2100,10,22.406952,8.566591054201126,25.471958
2100,11,15.744873,11.870613098144531,21.663134
2100,12,9.643768,216.29565477371216,58.132713
