lat,lon,zos_m,year,month
32.5,242.49999999999997,0.20303833,1850,1
32.5,242.49999999999997,0.19438246,1850,2
32.5,242.49999999999997,0.17561485,1850,3
32.5,242.49999999999997,0.15944186,1850,4
32.5,242.49999999999997,0.15322176,1850,5
32.5,242.49999999999997,0.16046952,1850,6
32.5,242.49999999999997,0.16155747,1850,7
32.5,242.49999999999997,0.17232431,1850,8
32.5,242.49999999999997,0.18292218,1850,9
32.5,242.49999999999997,0.16132374,1850,10
32.5,242.49999999999997,0.1636764,1850,11
32.5,242.49999999999997,0.14552367,1850,12
32.5,242.49999999999997,0.17010666,1851,1
32.5,242.49999999999997,0.18069157,1851,2
32.5,242.49999999999997,0.16949767,1851,3
32.5,242.49999999999997,0.18510701,1851,4
32.5,242.49999999999997,0.16505256,1851,5
32.5,242.49999999999997,0.17052922,1851,6
32.5,242.49999999999997,0.17537332,1851,7
32.5,242.49999999999997,0.16772926,1851,8
32.5,242.49999999999997,0.15877607,1851,9
32.5,242.49999999999997,0.17530832,1851,10
32.5,242.49999999999997,0.14691137,1851,11
32.5,242.49999999999997,0.14943379,1851,12
32.5,242.49999999999997,0.15331957,1852,1
32.5,242.49999999999997,0.1584379,1852,2
32.5,242.49999999999997,0.15652588,1852,3
32.5,242.49999999999997,0.14142402,1852,4
32.5,242.49999999999997,0.15385787,1852,5
32.5,242.49999999999997,0.16203669,1852,6
32.5,242.49999999999997,0.1942906,1852,7
32.5,242.49999999999997,0.21108197,1852,8
32.5,242.49999999999997,0.22356182,1852,9
32.5,242.49999999999997,0.22983645,1852,10
32.5,242.49999999999997,0.23785326,1852,11
32.5,242.49999999999997,0.21722955,1852,12
32.5,242.49999999999997,0.22201689,1853,1
32.5,242.49999999999997,0.21553782,1853,2
32.5,242.49999999999997,0.18920459,1853,3
32.5,242.49999999999997,0.17857385,1853,4
32.5,242.49999999999997,0.1781367,1853,5
32.5,242.49999999999997,0.16421296,1853,6
32.5,242.49999999999997,0.17537995,1853,7
32.5,242.49999999999997,0.17844583,1853,8
32.5,242.49999999999997,0.18650353,1853,9
32.5,242.49999999999997,0.20367211,1853,10
32.5,242.49999999999997,0.158603,1853,11
32.5,242.49999999999997,0.15346976,1853,12
32.5,242.49999999999997,0.15905122,1854,1
32.5,242.49999999999997,0.16561247,1854,2
32.5,242.49999999999997,0.14511853,1854,3
32.5,242.49999999999997,0.13100825,1854,4
32.5,242.49999999999997,0.12058634,1854,5
32.5,242.49999999999997,0.13511084,1854,6
32.5,242.49999999999997,0.14517747,1854,7
32.5,242.49999999999997,0.14443542,1854,8
32.5,242.49999999999997,0.13866149,1854,9
32.5,242.49999999999997,0.13122746,1854,10
32.5,242.49999999999997,0.1135757,1854,11
32.5,242.49999999999997,0.1429653,1854,12
32.5,242.49999999999997,0.15843306,1855,1
32.5,242.49999999999997,0.17932117,1855,2
32.5,242.49999999999997,0.17497846,1855,3
32.5,242.49999999999997,0.16593944,1855,4
32.5,242.49999999999997,0.12549977,1855,5
32.5,242.49999999999997,0.15539868,1855,6
32.5,242.49999999999997,0.1735576,1855,7
32.5,242.49999999999997,0.16835757,1855,8
32.5,242.49999999999997,0.172925,1855,9
32.5,242.49999999999997,0.17891987,1855,10
32.5,242.49999999999997,0.1828272,1855,11
32.5,242.49999999999997,0.18979096,1855,12
32.5,242.49999999999997,0.19450802,1856,1
32.5,242.49999999999997,0.18835646,1856,2
32.5,242.49999999999997,0.17792673,1856,3
32.5,242.49999999999997,0.17434685,1856,4
32.5,242.49999999999997,0.17400306,1856,5
32.5,242.49999999999997,0.16886508,1856,6
32.5,242.49999999999997,0.17865169,1856,7
32.5,242.49999999999997,0.17202099,1856,8
32.5,242.49999999999997,0.19531168,1856,9
32.5,242.49999999999997,0.21125984,1856,10
32.5,242.49999999999997,0.21014348,1856,11
32.5,242.49999999999997,0.20403013,1856,12
32.5,242.49999999999997,0.19927496,1857,1
32.5,242.49999999999997,0.20029771,1857,2
32.5,242.49999999999997,0.1900638,1857,3
32.5,242.49999999999997,0.16946411,1857,4
32.5,242.49999999999997,0.18242592,1857,5
32.5,242.49999999999997,0.19940086,1857,6
32.5,242.49999999999997,0.17506109,1857,7
32.5,242.49999999999997,0.1865608,1857,8
32.5,242.49999999999997,0.1970448,1857,9
32.5,242.49999999999997,0.19678628,1857,10
32.5,242.49999999999997,0.1734642,1857,11
32.5,242.49999999999997,0.15346724,1857,12
32.5,242.49999999999997,0.16086839,1858,1
32.5,242.49999999999997,0.1603778,1858,2
32.5,242.49999999999997,0.15266927,1858,3
32.5,242.49999999999997,0.14131887,1858,4
32.5,242.49999999999997,0.13626407,1858,5
32.5,242.49999999999997,0.15471424,1858,6
32.5,242.49999999999997,0.17864232,1858,7
32.5,242.49999999999997,0.17738283,1858,8
32.5,242.49999999999997,0.16681024,1858,9
32.5,242.49999999999997,0.18423203,1858,10
32.5,242.49999999999997,0.18920584,1858,11
32.5,242.49999999999997,0.20898587,1858,12
32.5,242.49999999999997,0.19166118,1859,1
32.5,242.49999999999997,0.19181442,1859,2
32.5,242.49999999999997,0.1770862,1859,3
32.5,242.49999999999997,0.17465995,1859,4
32.5,242.49999999999997,0.15783848,1859,5
32.5,242.49999999999997,0.16795239,1859,6
32.5,242.49999999999997,0.19554089,1859,7
32.5,242.49999999999997,0.19814977,1859,8
32.5,242.49999999999997,0.20523773,1859,9
32.5,242.49999999999997,0.22295754,1859,10
32.5,242.49999999999997,0.17525572,1859,11
32.5,242.49999999999997,0.16782862,1859,12
32.5,242.49999999999997,0.16548128,1860,1
32.5,242.49999999999997,0.17041983,1860,2
32.5,242.49999999999997,0.15579283,1860,3
32.5,242.49999999999997,0.17141064,1860,4
32.5,242.49999999999997,0.17408091,1860,5
32.5,242.49999999999997,0.18571806,1860,6
32.5,242.49999999999997,0.1874386,1860,7
32.5,242.49999999999997,0.20407812,1860,8
32.5,242.49999999999997,0.22042724,1860,9
32.5,242.49999999999997,0.21817681,1860,10
32.5,242.49999999999997,0.17515606,1860,11
32.5,242.49999999999997,0.15872748,1860,12
32.5,242.49999999999997,0.16138367,1861,1
32.5,242.49999999999997,0.15252832,1861,2
32.5,242.49999999999997,0.14600861,1861,3
32.5,242.49999999999997,0.12779555,1861,4
32.5,242.49999999999997,0.14789975,1861,5
32.5,242.49999999999997,0.16565362,1861,6
32.5,242.49999999999997,0.16334282,1861,7
32.5,242.49999999999997,0.16859733,1861,8
32.5,242.49999999999997,0.17266133,1861,9
32.5,242.49999999999997,0.18724796,1861,10
32.5,242.49999999999997,0.1547761,1861,11
32.5,242.49999999999997,0.13417065,1861,12
32.5,242.49999999999997,0.14846832,1862,1
32.5,242.49999999999997,0.14585924,1862,2
32.5,242.49999999999997,0.15171438,1862,3
32.5,242.49999999999997,0.13133328,1862,4
32.5,242.49999999999997,0.13146615,1862,5
32.5,242.49999999999997,0.15115747,1862,6
32.5,242.49999999999997,0.15472044,1862,7
32.5,242.49999999999997,0.1370371,1862,8
32.5,242.49999999999997,0.17294002,1862,9
32.5,242.49999999999997,0.17333955,1862,10
32.5,242.49999999999997,0.1919479,1862,11
32.5,242.49999999999997,0.181947,1862,12
32.5,242.49999999999997,0.14366828,1863,1
32.5,242.49999999999997,0.14775775,1863,2
32.5,242.49999999999997,0.15292543,1863,3
32.5,242.49999999999997,0.14799361,1863,4
32.5,242.49999999999997,0.14272591,1863,5
32.5,242.49999999999997,0.14257152,1863,6
32.5,242.49999999999997,0.16588402,1863,7
32.5,242.49999999999997,0.16853583,1863,8
32.5,242.49999999999997,0.17288767,1863,9
32.5,242.49999999999997,0.17892168,1863,10
32.5,242.49999999999997,0.18126203,1863,11
32.5,242.49999999999997,0.17839168,1863,12
32.5,242.49999999999997,0.16464192,1864,1
32.5,242.49999999999997,0.15271457,1864,2
32.5,242.49999999999997,0.14026299,1864,3
32.5,242.49999999999997,0.14971863,1864,4
32.5,242.49999999999997,0.13885683,1864,5
32.5,242.49999999999997,0.13677938,1864,6
32.5,242.49999999999997,0.17102194,1864,7
32.5,242.49999999999997,0.19529836,1864,8
32.5,242.49999999999997,0.23838642,1864,9
32.5,242.49999999999997,0.24414939,1864,10
32.5,242.49999999999997,0.22952722,1864,11
32.5,242.49999999999997,0.21525952,1864,12
32.5,242.49999999999997,0.22612827,1865,1
32.5,242.49999999999997,0.23383383,1865,2
32.5,242.49999999999997,0.20005187,1865,3
32.5,242.49999999999997,0.183224,1865,4
32.5,242.49999999999997,0.20029293,1865,5
32.5,242.49999999999997,0.18065722,1865,6
32.5,242.49999999999997,0.20484555,1865,7
32.5,242.49999999999997,0.24213813,1865,8
32.5,242.49999999999997,0.25777248,1865,9
32.5,242.49999999999997,0.2591722,1865,10
32.5,242.49999999999997,0.19687709,1865,11
32.5,242.49999999999997,0.21049747,1865,12
32.5,242.49999999999997,0.21682161,1866,1
32.5,242.49999999999997,0.22120869,1866,2
32.5,242.49999999999997,0.17682546,1866,3
32.5,242.49999999999997,0.15676558,1866,4
32.5,242.49999999999997,0.16607171,1866,5
32.5,242.49999999999997,0.17635395,1866,6
32.5,242.49999999999997,0.19973347,1866,7
32.5,242.49999999999997,0.20146312,1866,8
32.5,242.49999999999997,0.2209166,1866,9
32.5,242.49999999999997,0.24721116,1866,10
32.5,242.49999999999997,0.20480338,1866,11
32.5,242.49999999999997,0.20660195,1866,12
32.5,242.49999999999997,0.22835697,1867,1
32.5,242.49999999999997,0.21544546,1867,2
32.5,242.49999999999997,0.17013659,1867,3
32.5,242.49999999999997,0.16400105,1867,4
32.5,242.49999999999997,0.16445337,1867,5
32.5,242.49999999999997,0.15865187,1867,6
32.5,242.49999999999997,0.16880126,1867,7
32.5,242.49999999999997,0.1896185,1867,8
32.5,242.49999999999997,0.19005102,1867,9
32.5,242.49999999999997,0.17771757,1867,10
32.5,242.49999999999997,0.15572713,1867,11
32.5,242.49999999999997,0.18455663,1867,12
32.5,242.49999999999997,0.2170158,1868,1
32.5,242.49999999999997,0.21164277,1868,2
32.5,242.49999999999997,0.15715344,1868,3
32.5,242.49999999999997,0.1545285,1868,4
32.5,242.49999999999997,0.16026413,1868,5
32.5,242.49999999999997,0.156166,1868,6
32.5,242.49999999999997,0.193416,1868,7
32.5,242.49999999999997,0.24261749,1868,8
32.5,242.49999999999997,0.23496169,1868,9
32.5,242.49999999999997,0.2526821,1868,10
32.5,242.49999999999997,0.22989514,1868,11
32.5,242.49999999999997,0.22607602,1868,12
32.5,242.49999999999997,0.21064557,1869,1
32.5,242.49999999999997,0.19422047,1869,2
32.5,242.49999999999997,0.18408367,1869,3
32.5,242.49999999999997,0.16361906,1869,4
32.5,242.49999999999997,0.16566011,1869,5
32.5,242.49999999999997,0.1849587,1869,6
32.5,242.49999999999997,0.20979683,1869,7
32.5,242.49999999999997,0.2071587,1869,8
32.5,242.49999999999997,0.20475978,1869,9
32.5,242.49999999999997,0.1869408,1869,10
32.5,242.49999999999997,0.18190068,1869,11
32.5,242.49999999999997,0.17164204,1869,12
32.5,242.49999999999997,0.17583051,1870,1
32.5,242.49999999999997,0.18352513,1870,2
32.5,242.49999999999997,0.16714838,1870,3
32.5,242.49999999999997,0.17034964,1870,4
32.5,242.49999999999997,0.16827948,1870,5
32.5,242.49999999999997,0.1692454,1870,6
32.5,242.49999999999997,0.17146145,1870,7
32.5,242.49999999999997,0.1778517,1870,8
32.5,242.49999999999997,0.21059518,1870,9
32.5,242.49999999999997,0.24321626,1870,10
32.5,242.49999999999997,0.23059823,1870,11
32.5,242.49999999999997,0.19212472,1870,12
32.5,242.49999999999997,0.22490987,1871,1
32.5,242.49999999999997,0.21827886,1871,2
32.5,242.49999999999997,0.21187438,1871,3
32.5,242.49999999999997,0.21281451,1871,4
32.5,242.49999999999997,0.21364523,1871,5
32.5,242.49999999999997,0.20284347,1871,6
32.5,242.49999999999997,0.19368811,1871,7
32.5,242.49999999999997,0.21677966,1871,8
32.5,242.49999999999997,0.21328484,1871,9
32.5,242.49999999999997,0.22597578,1871,10
32.5,242.49999999999997,0.18631886,1871,11
32.5,242.49999999999997,0.18760882,1871,12
32.5,242.49999999999997,0.20516415,1872,1
32.5,242.49999999999997,0.21795614,1872,2
32.5,242.49999999999997,0.17845003,1872,3
32.5,242.49999999999997,0.17882036,1872,4
32.5,242.49999999999997,0.18282561,1872,5
32.5,242.49999999999997,0.1787686,1872,6
32.5,242.49999999999997,0.18488732,1872,7
32.5,242.49999999999997,0.18306534,1872,8
32.5,242.49999999999997,0.20696001,1872,9
32.5,242.49999999999997,0.19076084,1872,10
32.5,242.49999999999997,0.18377332,1872,11
32.5,242.49999999999997,0.15328018,1872,12
32.5,242.49999999999997,0.14029412,1873,1
32.5,242.49999999999997,0.14673764,1873,2
32.5,242.49999999999997,0.13505019,1873,3
32.5,242.49999999999997,0.14217155,1873,4
32.5,242.49999999999997,0.14198855,1873,5
32.5,242.49999999999997,0.15362547,1873,6
32.5,242.49999999999997,0.15869233,1873,7
32.5,242.49999999999997,0.17664266,1873,8
32.5,242.49999999999997,0.18563391,1873,9
32.5,242.49999999999997,0.19252746,1873,10
32.5,242.49999999999997,0.1748397,1873,11
32.5,242.49999999999997,0.17335762,1873,12
32.5,242.49999999999997,0.17587852,1874,1
32.5,242.49999999999997,0.18204832,1874,2
32.5,242.49999999999997,0.15886602,1874,3
32.5,242.49999999999997,0.14119612,1874,4
32.5,242.49999999999997,0.15981431,1874,5
32.5,242.49999999999997,0.18529959,1874,6
32.5,242.49999999999997,0.19145477,1874,7
32.5,242.49999999999997,0.1992589,1874,8
32.5,242.49999999999997,0.2132166,1874,9
32.5,242.49999999999997,0.22973576,1874,10
32.5,242.49999999999997,0.19000627,1874,11
32.5,242.49999999999997,0.18024862,1874,12
32.5,242.49999999999997,0.18577139,1875,1
32.5,242.49999999999997,0.19910379,1875,2
32.5,242.49999999999997,0.18138267,1875,3
32.5,242.49999999999997,0.14574933,1875,4
32.5,242.49999999999997,0.14456789,1875,5
32.5,242.49999999999997,0.15817809,1875,6
32.5,242.49999999999997,0.16737038,1875,7
32.5,242.49999999999997,0.18125024,1875,8
32.5,242.49999999999997,0.1930668,1875,9
32.5,242.49999999999997,0.22878692,1875,10
32.5,242.49999999999997,0.15908723,1875,11
32.5,242.49999999999997,0.1356869,1875,12
32.5,242.49999999999997,0.14076076,1876,1
32.5,242.49999999999997,0.17551056,1876,2
32.5,242.49999999999997,0.15502806,1876,3
32.5,242.49999999999997,0.14581677,1876,4
32.5,242.49999999999997,0.13807875,1876,5
32.5,242.49999999999997,0.15581864,1876,6
32.5,242.49999999999997,0.16972172,1876,7
32.5,242.49999999999997,0.17277156,1876,8
32.5,242.49999999999997,0.20221184,1876,9
32.5,242.49999999999997,0.23308212,1876,10
32.5,242.49999999999997,0.2230797,1876,11
32.5,242.49999999999997,0.18723032,1876,12
32.5,242.49999999999997,0.19979127,1877,1
32.5,242.49999999999997,0.18495515,1877,2
32.5,242.49999999999997,0.1474168,1877,3
32.5,242.49999999999997,0.12869439,1877,4
32.5,242.49999999999997,0.14706475,1877,5
32.5,242.49999999999997,0.15729776,1877,6
32.5,242.49999999999997,0.15754947,1877,7
32.5,242.49999999999997,0.17410792,1877,8
32.5,242.49999999999997,0.16209505,1877,9
32.5,242.49999999999997,0.15304732,1877,10
32.5,242.49999999999997,0.15769365,1877,11
32.5,242.49999999999997,0.15365848,1877,12
32.5,242.49999999999997,0.16521601,1878,1
32.5,242.49999999999997,0.19085746,1878,2
32.5,242.49999999999997,0.18638608,1878,3
32.5,242.49999999999997,0.15232345,1878,4
32.5,242.49999999999997,0.16777635,1878,5
32.5,242.49999999999997,0.1828717,1878,6
32.5,242.49999999999997,0.18856698,1878,7
32.5,242.49999999999997,0.19454959,1878,8
32.5,242.49999999999997,0.18810739,1878,9
32.5,242.49999999999997,0.2039169,1878,10
32.5,242.49999999999997,0.18596841,1878,11
32.5,242.49999999999997,0.1940623,1878,12
32.5,242.49999999999997,0.2401669,1879,1
32.5,242.49999999999997,0.2127569,1879,2
32.5,242.49999999999997,0.18740211,1879,3
32.5,242.49999999999997,0.1603136,1879,4
32.5,242.49999999999997,0.16874109,1879,5
32.5,242.49999999999997,0.18773635,1879,6
32.5,242.49999999999997,0.19011506,1879,7
32.5,242.49999999999997,0.18496409,1879,8
32.5,242.49999999999997,0.19058289,1879,9
32.5,242.49999999999997,0.19226946,1879,10
32.5,242.49999999999997,0.19187507,1879,11
32.5,242.49999999999997,0.20156752,1879,12
32.5,242.49999999999997,0.18417063,1880,1
32.5,242.49999999999997,0.17408355,1880,2
32.5,242.49999999999997,0.18244404,1880,3
32.5,242.49999999999997,0.16031213,1880,4
32.5,242.49999999999997,0.14898229,1880,5
32.5,242.49999999999997,0.16492178,1880,6
32.5,242.49999999999997,0.1820738,1880,7
32.5,242.49999999999997,0.18441758,1880,8
32.5,242.49999999999997,0.20324774,1880,9
32.5,242.49999999999997,0.20457329,1880,10
32.5,242.49999999999997,0.18438347,1880,11
32.5,242.49999999999997,0.186064,1880,12
32.5,242.49999999999997,0.17068575,1881,1
32.5,242.49999999999997,0.15341496,1881,2
32.5,242.49999999999997,0.16281907,1881,3
32.5,242.49999999999997,0.15149675,1881,4
32.5,242.49999999999997,0.16492812,1881,5
32.5,242.49999999999997,0.18302187,1881,6
32.5,242.49999999999997,0.19236486,1881,7
32.5,242.49999999999997,0.1735903,1881,8
32.5,242.49999999999997,0.17796548,1881,9
32.5,242.49999999999997,0.1983639,1881,10
32.5,242.49999999999997,0.18447362,1881,11
32.5,242.49999999999997,0.17390528,1881,12
32.5,242.49999999999997,0.18500993,1882,1
32.5,242.49999999999997,0.1659267,1882,2
32.5,242.49999999999997,0.16011629,1882,3
32.5,242.49999999999997,0.16029072,1882,4
32.5,242.49999999999997,0.13599855,1882,5
32.5,242.49999999999997,0.17014,1882,6
32.5,242.49999999999997,0.17922004,1882,7
32.5,242.49999999999997,0.17427045,1882,8
32.5,242.49999999999997,0.16374546,1882,9
32.5,242.49999999999997,0.18221882,1882,10
32.5,242.49999999999997,0.1533635,1882,11
32.5,242.49999999999997,0.14060548,1882,12
32.5,242.49999999999997,0.16482607,1883,1
32.5,242.49999999999997,0.16271196,1883,2
32.5,242.49999999999997,0.14666133,1883,3
32.5,242.49999999999997,0.13589273,1883,4
32.5,242.49999999999997,0.15838946,1883,5
32.5,242.49999999999997,0.16482362,1883,6
32.5,242.49999999999997,0.18591325,1883,7
32.5,242.49999999999997,0.18326601,1883,8
32.5,242.49999999999997,0.19718112,1883,9
32.5,242.49999999999997,0.2043109,1883,10
32.5,242.49999999999997,0.1847848,1883,11
32.5,242.49999999999997,0.18844616,1883,12
32.5,242.49999999999997,0.22295445,1884,1
32.5,242.49999999999997,0.21151012,1884,2
32.5,242.49999999999997,0.18836254,1884,3
32.5,242.49999999999997,0.1519784,1884,4
32.5,242.49999999999997,0.17065394,1884,5
32.5,242.49999999999997,0.17413273,1884,6
32.5,242.49999999999997,0.1896766,1884,7
32.5,242.49999999999997,0.1918435,1884,8
32.5,242.49999999999997,0.17727847,1884,9
32.5,242.49999999999997,0.16510765,1884,10
32.5,242.49999999999997,0.15171972,1884,11
32.5,242.49999999999997,0.13669531,1884,12
32.5,242.49999999999997,0.14060304,1885,1
32.5,242.49999999999997,0.15882999,1885,2
32.5,242.49999999999997,0.14972316,1885,3
32.5,242.49999999999997,0.119246565,1885,4
32.5,242.49999999999997,0.14441682,1885,5
32.5,242.49999999999997,0.15628725,1885,6
32.5,242.49999999999997,0.16803123,1885,7
32.5,242.49999999999997,0.16026103,1885,8
32.5,242.49999999999997,0.14073806,1885,9
32.5,242.49999999999997,0.13539432,1885,10
32.5,242.49999999999997,0.1309876,1885,11
32.5,242.49999999999997,0.12785046,1885,12
32.5,242.49999999999997,0.14365984,1886,1
32.5,242.49999999999997,0.14510566,1886,2
32.5,242.49999999999997,0.1205008,1886,3
32.5,242.49999999999997,0.1354562,1886,4
32.5,242.49999999999997,0.1498519,1886,5
32.5,242.49999999999997,0.15069388,1886,6
32.5,242.49999999999997,0.14768143,1886,7
32.5,242.49999999999997,0.15162045,1886,8
32.5,242.49999999999997,0.17354557,1886,9
32.5,242.49999999999997,0.1769634,1886,10
32.5,242.49999999999997,0.15319829,1886,11
32.5,242.49999999999997,0.17169054,1886,12
32.5,242.49999999999997,0.18395098,1887,1
32.5,242.49999999999997,0.18177304,1887,2
32.5,242.49999999999997,0.16088234,1887,3
32.5,242.49999999999997,0.14133908,1887,4
32.5,242.49999999999997,0.158468,1887,5
32.5,242.49999999999997,0.1542136,1887,6
32.5,242.49999999999997,0.16240582,1887,7
32.5,242.49999999999997,0.15727602,1887,8
32.5,242.49999999999997,0.15413429,1887,9
32.5,242.49999999999997,0.17306577,1887,10
32.5,242.49999999999997,0.16504422,1887,11
32.5,242.49999999999997,0.18074365,1887,12
32.5,242.49999999999997,0.20926774,1888,1
32.5,242.49999999999997,0.20380478,1888,2
32.5,242.49999999999997,0.17893456,1888,3
32.5,242.49999999999997,0.17934269,1888,4
32.5,242.49999999999997,0.17527327,1888,5
32.5,242.49999999999997,0.18466997,1888,6
32.5,242.49999999999997,0.18853225,1888,7
32.5,242.49999999999997,0.20565914,1888,8
32.5,242.49999999999997,0.22340067,1888,9
32.5,242.49999999999997,0.21961457,1888,10
32.5,242.49999999999997,0.22629228,1888,11
32.5,242.49999999999997,0.23666717,1888,12
32.5,242.49999999999997,0.2523872,1889,1
32.5,242.49999999999997,0.20759009,1889,2
32.5,242.49999999999997,0.18195805,1889,3
32.5,242.49999999999997,0.16729297,1889,4
32.5,242.49999999999997,0.1505727,1889,5
32.5,242.49999999999997,0.1543754,1889,6
32.5,242.49999999999997,0.17320335,1889,7
32.5,242.49999999999997,0.2048216,1889,8
32.5,242.49999999999997,0.2294048,1889,9
32.5,242.49999999999997,0.2418046,1889,10
32.5,242.49999999999997,0.21749899,1889,11
32.5,242.49999999999997,0.19885074,1889,12
32.5,242.49999999999997,0.19069612,1890,1
32.5,242.49999999999997,0.16211861,1890,2
32.5,242.49999999999997,0.15789929,1890,3
32.5,242.49999999999997,0.15528491,1890,4
32.5,242.49999999999997,0.15243153,1890,5
32.5,242.49999999999997,0.15315513,1890,6
32.5,242.49999999999997,0.16319357,1890,7
32.5,242.49999999999997,0.17748916,1890,8
32.5,242.49999999999997,0.19217162,1890,9
32.5,242.49999999999997,0.17476402,1890,10
32.5,242.49999999999997,0.17143019,1890,11
32.5,242.49999999999997,0.18278448,1890,12
32.5,242.49999999999997,0.1717556,1891,1
32.5,242.49999999999997,0.16693914,1891,2
32.5,242.49999999999997,0.14803894,1891,3
32.5,242.49999999999997,0.14164607,1891,4
32.5,242.49999999999997,0.14097397,1891,5
32.5,242.49999999999997,0.1633452,1891,6
32.5,242.49999999999997,0.19154646,1891,7
32.5,242.49999999999997,0.20248853,1891,8
32.5,242.49999999999997,0.19283172,1891,9
32.5,242.49999999999997,0.24672076,1891,10
32.5,242.49999999999997,0.24927975,1891,11
32.5,242.49999999999997,0.23256767,1891,12
32.5,242.49999999999997,0.2209184,1892,1
32.5,242.49999999999997,0.20100047,1892,2
32.5,242.49999999999997,0.16807884,1892,3
32.5,242.49999999999997,0.13091491,1892,4
32.5,242.49999999999997,0.15527909,1892,5
32.5,242.49999999999997,0.14927264,1892,6
32.5,242.49999999999997,0.15898514,1892,7
32.5,242.49999999999997,0.19062927,1892,8
32.5,242.49999999999997,0.2042118,1892,9
32.5,242.49999999999997,0.19108406,1892,10
32.5,242.49999999999997,0.18528353,1892,11
32.5,242.49999999999997,0.18235753,1892,12
32.5,242.49999999999997,0.18398987,1893,1
32.5,242.49999999999997,0.18816802,1893,2
32.5,242.49999999999997,0.187501,1893,3
32.5,242.49999999999997,0.16902277,1893,4
32.5,242.49999999999997,0.17271863,1893,5
32.5,242.49999999999997,0.17309642,1893,6
32.5,242.49999999999997,0.16836104,1893,7
32.5,242.49999999999997,0.17655171,1893,8
32.5,242.49999999999997,0.20448959,1893,9
32.5,242.49999999999997,0.19356233,1893,10
32.5,242.49999999999997,0.15207231,1893,11
32.5,242.49999999999997,0.15334895,1893,12
32.5,242.49999999999997,0.17678568,1894,1
32.5,242.49999999999997,0.19449505,1894,2
32.5,242.49999999999997,0.15344821,1894,3
32.5,242.49999999999997,0.14331995,1894,4
32.5,242.49999999999997,0.15225278,1894,5
32.5,242.49999999999997,0.1629059,1894,6
32.5,242.49999999999997,0.18053119,1894,7
32.5,242.49999999999997,0.18019658,1894,8
32.5,242.49999999999997,0.19024381,1894,9
32.5,242.49999999999997,0.19486523,1894,10
32.5,242.49999999999997,0.1644533,1894,11
32.5,242.49999999999997,0.153233,1894,12
32.5,242.49999999999997,0.1732799,1895,1
32.5,242.49999999999997,0.19513638,1895,2
32.5,242.49999999999997,0.17065772,1895,3
32.5,242.49999999999997,0.16691585,1895,4
32.5,242.49999999999997,0.17052154,1895,5
32.5,242.49999999999997,0.18263176,1895,6
32.5,242.49999999999997,0.1877921,1895,7
32.5,242.49999999999997,0.193323,1895,8
32.5,242.49999999999997,0.22038627,1895,9
32.5,242.49999999999997,0.23387527,1895,10
32.5,242.49999999999997,0.21269642,1895,11
32.5,242.49999999999997,0.22113454,1895,12
32.5,242.49999999999997,0.20645949,1896,1
32.5,242.49999999999997,0.21730942,1896,2
32.5,242.49999999999997,0.19710073,1896,3
32.5,242.49999999999997,0.16406299,1896,4
32.5,242.49999999999997,0.16899076,1896,5
32.5,242.49999999999997,0.17246115,1896,6
32.5,242.49999999999997,0.1599534,1896,7
32.5,242.49999999999997,0.14736116,1896,8
32.5,242.49999999999997,0.1728044,1896,9
32.5,242.49999999999997,0.1543724,1896,10
32.5,242.49999999999997,0.1483696,1896,11
32.5,242.49999999999997,0.17359217,1896,12
32.5,242.49999999999997,0.16724128,1897,1
32.5,242.49999999999997,0.1551815,1897,2
32.5,242.49999999999997,0.16150899,1897,3
32.5,242.49999999999997,0.1495362,1897,4
32.5,242.49999999999997,0.15791155,1897,5
32.5,242.49999999999997,0.14806639,1897,6
32.5,242.49999999999997,0.1716909,1897,7
32.5,242.49999999999997,0.19034408,1897,8
32.5,242.49999999999997,0.18697925,1897,9
32.5,242.49999999999997,0.17596589,1897,10
32.5,242.49999999999997,0.1573923,1897,11
32.5,242.49999999999997,0.14208451,1897,12
32.5,242.49999999999997,0.14912046,1898,1
32.5,242.49999999999997,0.1588716,1898,2
32.5,242.49999999999997,0.15574178,1898,3
32.5,242.49999999999997,0.13798708,1898,4
32.5,242.49999999999997,0.15103874,1898,5
32.5,242.49999999999997,0.1717372,1898,6
32.5,242.49999999999997,0.20647483,1898,7
32.5,242.49999999999997,0.1967503,1898,8
32.5,242.49999999999997,0.19484839,1898,9
32.5,242.49999999999997,0.22743052,1898,10
32.5,242.49999999999997,0.23406187,1898,11
32.5,242.49999999999997,0.18760058,1898,12
32.5,242.49999999999997,0.18996446,1899,1
32.5,242.49999999999997,0.17144752,1899,2
32.5,242.49999999999997,0.16132909,1899,3
32.5,242.49999999999997,0.16927099,1899,4
32.5,242.49999999999997,0.17757902,1899,5
32.5,242.49999999999997,0.19807176,1899,6
32.5,242.49999999999997,0.18283375,1899,7
32.5,242.49999999999997,0.17774037,1899,8
32.5,242.49999999999997,0.16590597,1899,9
32.5,242.49999999999997,0.19221932,1899,10
32.5,242.49999999999997,0.20267045,1899,11
32.5,242.49999999999997,0.20816687,1899,12
32.5,242.49999999999997,0.24221772,1900,1
32.5,242.49999999999997,0.22491543,1900,2
32.5,242.49999999999997,0.21841982,1900,3
32.5,242.49999999999997,0.1775639,1900,4
32.5,242.49999999999997,0.18720657,1900,5
32.5,242.49999999999997,0.18670714,1900,6
32.5,242.49999999999997,0.19959134,1900,7
32.5,242.49999999999997,0.20983468,1900,8
32.5,242.49999999999997,0.22122219,1900,9
32.5,242.49999999999997,0.21793652,1900,10
32.5,242.49999999999997,0.18418759,1900,11
32.5,242.49999999999997,0.17025523,1900,12
32.5,242.49999999999997,0.18111196,1901,1
32.5,242.49999999999997,0.18347646,1901,2
32.5,242.49999999999997,0.17428535,1901,3
32.5,242.49999999999997,0.1545323,1901,4
32.5,242.49999999999997,0.14521219,1901,5
32.5,242.49999999999997,0.15974048,1901,6
32.5,242.49999999999997,0.16894355,1901,7
32.5,242.49999999999997,0.16980852,1901,8
32.5,242.49999999999997,0.19499613,1901,9
32.5,242.49999999999997,0.19998191,1901,10
32.5,242.49999999999997,0.18819484,1901,11
32.5,242.49999999999997,0.16799957,1901,12
32.5,242.49999999999997,0.14089906,1902,1
32.5,242.49999999999997,0.14307204,1902,2
32.5,242.49999999999997,0.15434988,1902,3
32.5,242.49999999999997,0.14556327,1902,4
32.5,242.49999999999997,0.1499939,1902,5
32.5,242.49999999999997,0.16286455,1902,6
32.5,242.49999999999997,0.16286433,1902,7
32.5,242.49999999999997,0.1662132,1902,8
32.5,242.49999999999997,0.17236567,1902,9
32.5,242.49999999999997,0.16128658,1902,10
32.5,242.49999999999997,0.18545587,1902,11
32.5,242.49999999999997,0.15758254,1902,12
32.5,242.49999999999997,0.1788746,1903,1
32.5,242.49999999999997,0.16832232,1903,2
32.5,242.49999999999997,0.17143993,1903,3
32.5,242.49999999999997,0.18672128,1903,4
32.5,242.49999999999997,0.16608168,1903,5
32.5,242.49999999999997,0.18432558,1903,6
32.5,242.49999999999997,0.1975512,1903,7
32.5,242.49999999999997,0.18430907,1903,8
32.5,242.49999999999997,0.18862511,1903,9
32.5,242.49999999999997,0.2033717,1903,10
32.5,242.49999999999997,0.21072985,1903,11
32.5,242.49999999999997,0.20032965,1903,12
32.5,242.49999999999997,0.20880616,1904,1
32.5,242.49999999999997,0.21912293,1904,2
32.5,242.49999999999997,0.21536762,1904,3
32.5,242.49999999999997,0.17089821,1904,4
32.5,242.49999999999997,0.18497156,1904,5
32.5,242.49999999999997,0.19189371,1904,6
32.5,242.49999999999997,0.19624616,1904,7
32.5,242.49999999999997,0.20204318,1904,8
32.5,242.49999999999997,0.22903818,1904,9
32.5,242.49999999999997,0.24942635,1904,10
32.5,242.49999999999997,0.24385168,1904,11
32.5,242.49999999999997,0.22731583,1904,12
32.5,242.49999999999997,0.21932949,1905,1
32.5,242.49999999999997,0.22185151,1905,2
32.5,242.49999999999997,0.19933657,1905,3
32.5,242.49999999999997,0.15314443,1905,4
32.5,242.49999999999997,0.14814515,1905,5
32.5,242.49999999999997,0.16862936,1905,6
32.5,242.49999999999997,0.17157121,1905,7
32.5,242.49999999999997,0.17604837,1905,8
32.5,242.49999999999997,0.19058704,1905,9
32.5,242.49999999999997,0.17098196,1905,10
32.5,242.49999999999997,0.13865472,1905,11
32.5,242.49999999999997,0.13089874,1905,12
32.5,242.49999999999997,0.12216903,1906,1
32.5,242.49999999999997,0.13665351,1906,2
32.5,242.49999999999997,0.1486225,1906,3
32.5,242.49999999999997,0.15122151,1906,4
32.5,242.49999999999997,0.15110789,1906,5
32.5,242.49999999999997,0.16792877,1906,6
32.5,242.49999999999997,0.16072331,1906,7
32.5,242.49999999999997,0.16892745,1906,8
32.5,242.49999999999997,0.16412406,1906,9
32.5,242.49999999999997,0.19291404,1906,10
32.5,242.49999999999997,0.18489519,1906,11
32.5,242.49999999999997,0.17113656,1906,12
32.5,242.49999999999997,0.15688974,1907,1
32.5,242.49999999999997,0.18596447,1907,2
32.5,242.49999999999997,0.1712151,1907,3
32.5,242.49999999999997,0.14377008,1907,4
32.5,242.49999999999997,0.13172482,1907,5
32.5,242.49999999999997,0.16435616,1907,6
32.5,242.49999999999997,0.17297034,1907,7
32.5,242.49999999999997,0.1805397,1907,8
32.5,242.49999999999997,0.1743685,1907,9
32.5,242.49999999999997,0.19677763,1907,10
32.5,242.49999999999997,0.18886013,1907,11
32.5,242.49999999999997,0.1707628,1907,12
32.5,242.49999999999997,0.16496687,1908,1
32.5,242.49999999999997,0.16565372,1908,2
32.5,242.49999999999997,0.1639196,1908,3
32.5,242.49999999999997,0.17172767,1908,4
32.5,242.49999999999997,0.14416578,1908,5
32.5,242.49999999999997,0.14741205,1908,6
32.5,242.49999999999997,0.17597403,1908,7
32.5,242.49999999999997,0.17459753,1908,8
32.5,242.49999999999997,0.1902392,1908,9
32.5,242.49999999999997,0.20462076,1908,10
32.5,242.49999999999997,0.17691953,1908,11
32.5,242.49999999999997,0.16075218,1908,12
32.5,242.49999999999997,0.14367557,1909,1
32.5,242.49999999999997,0.15068066,1909,2
32.5,242.49999999999997,0.14861318,1909,3
32.5,242.49999999999997,0.13046479,1909,4
32.5,242.49999999999997,0.15427184,1909,5
32.5,242.49999999999997,0.17916954,1909,6
32.5,242.49999999999997,0.19584227,1909,7
32.5,242.49999999999997,0.18161385,1909,8
32.5,242.49999999999997,0.1771087,1909,9
32.5,242.49999999999997,0.19139577,1909,10
32.5,242.49999999999997,0.18851131,1909,11
32.5,242.49999999999997,0.21188496,1909,12
32.5,242.49999999999997,0.22162987,1910,1
32.5,242.49999999999997,0.21470979,1910,2
32.5,242.49999999999997,0.19934979,1910,3
32.5,242.49999999999997,0.19022882,1910,4
32.5,242.49999999999997,0.21756569,1910,5
32.5,242.49999999999997,0.19569959,1910,6
32.5,242.49999999999997,0.20775072,1910,7
32.5,242.49999999999997,0.2270178,1910,8
32.5,242.49999999999997,0.23103032,1910,9
32.5,242.49999999999997,0.22999227,1910,10
32.5,242.49999999999997,0.21801431,1910,11
32.5,242.49999999999997,0.21017033,1910,12
32.5,242.49999999999997,0.22713333,1911,1
32.5,242.49999999999997,0.20379172,1911,2
32.5,242.49999999999997,0.1815356,1911,3
32.5,242.49999999999997,0.18736145,1911,4
32.5,242.49999999999997,0.18147989,1911,5
32.5,242.49999999999997,0.18313196,1911,6
32.5,242.49999999999997,0.19404483,1911,7
32.5,242.49999999999997,0.2192921,1911,8
32.5,242.49999999999997,0.23007329,1911,9
32.5,242.49999999999997,0.22142406,1911,10
32.5,242.49999999999997,0.20359646,1911,11
32.5,242.49999999999997,0.17716406,1911,12
32.5,242.49999999999997,0.17305847,1912,1
32.5,242.49999999999997,0.16935268,1912,2
32.5,242.49999999999997,0.1478243,1912,3
32.5,242.49999999999997,0.1360294,1912,4
32.5,242.49999999999997,0.1506308,1912,5
32.5,242.49999999999997,0.17673975,1912,6
32.5,242.49999999999997,0.17773308,1912,7
32.5,242.49999999999997,0.19526508,1912,8
32.5,242.49999999999997,0.20807724,1912,9
32.5,242.49999999999997,0.19553243,1912,10
32.5,242.49999999999997,0.17771578,1912,11
32.5,242.49999999999997,0.1576043,1912,12
32.5,242.49999999999997,0.16131642,1913,1
32.5,242.49999999999997,0.16229045,1913,2
32.5,242.49999999999997,0.15746717,1913,3
32.5,242.49999999999997,0.13227884,1913,4
32.5,242.49999999999997,0.14996162,1913,5
32.5,242.49999999999997,0.17490773,1913,6
32.5,242.49999999999997,0.17724662,1913,7
32.5,242.49999999999997,0.18010993,1913,8
32.5,242.49999999999997,0.21940272,1913,9
32.5,242.49999999999997,0.25620353,1913,10
32.5,242.49999999999997,0.24406223,1913,11
32.5,242.49999999999997,0.20608246,1913,12
32.5,242.49999999999997,0.19464135,1914,1
32.5,242.49999999999997,0.18388711,1914,2
32.5,242.49999999999997,0.16417307,1914,3
32.5,242.49999999999997,0.17986119,1914,4
32.5,242.49999999999997,0.2037689,1914,5
32.5,242.49999999999997,0.1889397,1914,6
32.5,242.49999999999997,0.1887955,1914,7
32.5,242.49999999999997,0.19744696,1914,8
32.5,242.49999999999997,0.20102383,1914,9
32.5,242.49999999999997,0.21791701,1914,10
32.5,242.49999999999997,0.23661529,1914,11
32.5,242.49999999999997,0.22737637,1914,12
32.5,242.49999999999997,0.23799178,1915,1
32.5,242.49999999999997,0.2403853,1915,2
32.5,242.49999999999997,0.18457216,1915,3
32.5,242.49999999999997,0.15060045,1915,4
32.5,242.49999999999997,0.16338632,1915,5
32.5,242.49999999999997,0.16896494,1915,6
32.5,242.49999999999997,0.19436404,1915,7
32.5,242.49999999999997,0.22640255,1915,8
32.5,242.49999999999997,0.23959969,1915,9
32.5,242.49999999999997,0.24372587,1915,10
32.5,242.49999999999997,0.23043108,1915,11
32.5,242.49999999999997,0.1944357,1915,12
32.5,242.49999999999997,0.19165722,1916,1
32.5,242.49999999999997,0.19927976,1916,2
32.5,242.49999999999997,0.18144305,1916,3
32.5,242.49999999999997,0.17371394,1916,4
32.5,242.49999999999997,0.17121458,1916,5
32.5,242.49999999999997,0.17866382,1916,6
32.5,242.49999999999997,0.19366793,1916,7
32.5,242.49999999999997,0.2040417,1916,8
32.5,242.49999999999997,0.20427996,1916,9
32.5,242.49999999999997,0.20932463,1916,10
32.5,242.49999999999997,0.18407966,1916,11
32.5,242.49999999999997,0.18965775,1916,12
32.5,242.49999999999997,0.19442464,1917,1
32.5,242.49999999999997,0.193222,1917,2
32.5,242.49999999999997,0.18578422,1917,3
32.5,242.49999999999997,0.18055156,1917,4
32.5,242.49999999999997,0.17729606,1917,5
32.5,242.49999999999997,0.18610421,1917,6
32.5,242.49999999999997,0.17256525,1917,7
32.5,242.49999999999997,0.18402764,1917,8
32.5,242.49999999999997,0.18528104,1917,9
32.5,242.49999999999997,0.1872946,1917,10
32.5,242.49999999999997,0.1762517,1917,11
32.5,242.49999999999997,0.153659,1917,12
32.5,242.49999999999997,0.1417277,1918,1
32.5,242.49999999999997,0.16733827,1918,2
32.5,242.49999999999997,0.14208786,1918,3
32.5,242.49999999999997,0.14352053,1918,4
32.5,242.49999999999997,0.1681036,1918,5
32.5,242.49999999999997,0.17633487,1918,6
32.5,242.49999999999997,0.18253152,1918,7
32.5,242.49999999999997,0.200995,1918,8
32.5,242.49999999999997,0.21446365,1918,9
32.5,242.49999999999997,0.24976735,1918,10
32.5,242.49999999999997,0.24128258,1918,11
32.5,242.49999999999997,0.22570443,1918,12
32.5,242.49999999999997,0.19423053,1919,1
32.5,242.49999999999997,0.20153551,1919,2
32.5,242.49999999999997,0.19006608,1919,3
32.5,242.49999999999997,0.15707344,1919,4
32.5,242.49999999999997,0.1614843,1919,5
32.5,242.49999999999997,0.17878659,1919,6
32.5,242.49999999999997,0.18757729,1919,7
32.5,242.49999999999997,0.20659465,1919,8
32.5,242.49999999999997,0.23114167,1919,9
32.5,242.49999999999997,0.20602967,1919,10
32.5,242.49999999999997,0.21002525,1919,11
32.5,242.49999999999997,0.20029645,1919,12
32.5,242.49999999999997,0.22008821,1920,1
32.5,242.49999999999997,0.19012019,1920,2
32.5,242.49999999999997,0.16893885,1920,3
32.5,242.49999999999997,0.14414808,1920,4
32.5,242.49999999999997,0.16159707,1920,5
32.5,242.49999999999997,0.159678,1920,6
32.5,242.49999999999997,0.1666729,1920,7
32.5,242.49999999999997,0.18927395,1920,8
32.5,242.49999999999997,0.19762047,1920,9
32.5,242.49999999999997,0.17998551,1920,10
32.5,242.49999999999997,0.16539688,1920,11
32.5,242.49999999999997,0.15364257,1920,12
32.5,242.49999999999997,0.16565503,1921,1
32.5,242.49999999999997,0.16904084,1921,2
32.5,242.49999999999997,0.15768823,1921,3
32.5,242.49999999999997,0.15752266,1921,4
32.5,242.49999999999997,0.14785953,1921,5
32.5,242.49999999999997,0.15237306,1921,6
32.5,242.49999999999997,0.17094442,1921,7
32.5,242.49999999999997,0.17982653,1921,8
32.5,242.49999999999997,0.18631361,1921,9
32.5,242.49999999999997,0.17949058,1921,10
32.5,242.49999999999997,0.17461358,1921,11
32.5,242.49999999999997,0.14960364,1921,12
32.5,242.49999999999997,0.15849432,1922,1
32.5,242.49999999999997,0.20246112,1922,2
32.5,242.49999999999997,0.19403401,1922,3
32.5,242.49999999999997,0.17348388,1922,4
32.5,242.49999999999997,0.16184425,1922,5
32.5,242.49999999999997,0.17095631,1922,6
32.5,242.49999999999997,0.17232624,1922,7
32.5,242.49999999999997,0.16998085,1922,8
32.5,242.49999999999997,0.20878306,1922,9
32.5,242.49999999999997,0.2341325,1922,10
32.5,242.49999999999997,0.22652559,1922,11
32.5,242.49999999999997,0.2405452,1922,12
32.5,242.49999999999997,0.2414606,1923,1
32.5,242.49999999999997,0.22606066,1923,2
32.5,242.49999999999997,0.18524098,1923,3
32.5,242.49999999999997,0.15391067,1923,4
32.5,242.49999999999997,0.14894445,1923,5
32.5,242.49999999999997,0.1750595,1923,6
32.5,242.49999999999997,0.19460869,1923,7
32.5,242.49999999999997,0.19010034,1923,8
32.5,242.49999999999997,0.20068046,1923,9
32.5,242.49999999999997,0.22239229,1923,10
32.5,242.49999999999997,0.20786189,1923,11
32.5,242.49999999999997,0.21085408,1923,12
32.5,242.49999999999997,0.21565752,1924,1
32.5,242.49999999999997,0.20435049,1924,2
32.5,242.49999999999997,0.17505385,1924,3
32.5,242.49999999999997,0.17469631,1924,4
32.5,242.49999999999997,0.17414524,1924,5
32.5,242.49999999999997,0.17769694,1924,6
32.5,242.49999999999997,0.18037796,1924,7
32.5,242.49999999999997,0.18467799,1924,8
32.5,242.49999999999997,0.16549061,1924,9
32.5,242.49999999999997,0.17459404,1924,10
32.5,242.49999999999997,0.16967125,1924,11
32.5,242.49999999999997,0.18683599,1924,12
32.5,242.49999999999997,0.17943174,1925,1
32.5,242.49999999999997,0.18108308,1925,2
32.5,242.49999999999997,0.15572757,1925,3
32.5,242.49999999999997,0.14643611,1925,4
32.5,242.49999999999997,0.15868506,1925,5
32.5,242.49999999999997,0.18323603,1925,6
32.5,242.49999999999997,0.17684232,1925,7
32.5,242.49999999999997,0.17842375,1925,8
32.5,242.49999999999997,0.16935901,1925,9
32.5,242.49999999999997,0.17724662,1925,10
32.5,242.49999999999997,0.18100463,1925,11
32.5,242.49999999999997,0.16520223,1925,12
32.5,242.49999999999997,0.15735996,1926,1
32.5,242.49999999999997,0.16517635,1926,2
32.5,242.49999999999997,0.14398351,1926,3
32.5,242.49999999999997,0.13558203,1926,4
32.5,242.49999999999997,0.123824686,1926,5
32.5,242.49999999999997,0.14545111,1926,6
32.5,242.49999999999997,0.15690134,1926,7
32.5,242.49999999999997,0.16605023,1926,8
32.5,242.49999999999997,0.18029672,1926,9
32.5,242.49999999999997,0.19466804,1926,10
32.5,242.49999999999997,0.18183675,1926,11
32.5,242.49999999999997,0.19417593,1926,12
32.5,242.49999999999997,0.18404248,1927,1
32.5,242.49999999999997,0.17673509,1927,2
32.5,242.49999999999997,0.17083128,1927,3
32.5,242.49999999999997,0.17107144,1927,4
32.5,242.49999999999997,0.17953037,1927,5
32.5,242.49999999999997,0.17752369,1927,6
32.5,242.49999999999997,0.18139176,1927,7
32.5,242.49999999999997,0.20074463,1927,8
32.5,242.49999999999997,0.21633467,1927,9
32.5,242.49999999999997,0.2825748,1927,10
32.5,242.49999999999997,0.28240305,1927,11
32.5,242.49999999999997,0.25498408,1927,12
32.5,242.49999999999997,0.25322142,1928,1
32.5,242.49999999999997,0.22865558,1928,2
32.5,242.49999999999997,0.1889851,1928,3
32.5,242.49999999999997,0.17723706,1928,4
32.5,242.49999999999997,0.16510226,1928,5
32.5,242.49999999999997,0.17050223,1928,6
32.5,242.49999999999997,0.18460198,1928,7
32.5,242.49999999999997,0.19050068,1928,8
32.5,242.49999999999997,0.1826614,1928,9
32.5,242.49999999999997,0.1832845,1928,10
32.5,242.49999999999997,0.16748543,1928,11
32.5,242.49999999999997,0.20047477,1928,12
32.5,242.49999999999997,0.22048262,1929,1
32.5,242.49999999999997,0.18675594,1929,2
32.5,242.49999999999997,0.16119531,1929,3
32.5,242.49999999999997,0.16260892,1929,4
32.5,242.49999999999997,0.16855241,1929,5
32.5,242.49999999999997,0.16400868,1929,6
32.5,242.49999999999997,0.18355814,1929,7
32.5,242.49999999999997,0.20618936,1929,8
32.5,242.49999999999997,0.2204982,1929,9
32.5,242.49999999999997,0.22164142,1929,10
32.5,242.49999999999997,0.20889674,1929,11
32.5,242.49999999999997,0.1755701,1929,12
32.5,242.49999999999997,0.16968678,1930,1
32.5,242.49999999999997,0.18486376,1930,2
32.5,242.49999999999997,0.16463402,1930,3
32.5,242.49999999999997,0.1728783,1930,4
32.5,242.49999999999997,0.17110422,1930,5
32.5,242.49999999999997,0.16770113,1930,6
32.5,242.49999999999997,0.18532836,1930,7
32.5,242.49999999999997,0.19369002,1930,8
32.5,242.49999999999997,0.19834022,1930,9
32.5,242.49999999999997,0.22737224,1930,10
32.5,242.49999999999997,0.22616595,1930,11
32.5,242.49999999999997,0.22716506,1930,12
32.5,242.49999999999997,0.20498797,1931,1
32.5,242.49999999999997,0.18494801,1931,2
32.5,242.49999999999997,0.1790706,1931,3
32.5,242.49999999999997,0.1702025,1931,4
32.5,242.49999999999997,0.18577804,1931,5
32.5,242.49999999999997,0.1917579,1931,6
32.5,242.49999999999997,0.19080132,1931,7
32.5,242.49999999999997,0.20385619,1931,8
32.5,242.49999999999997,0.17449452,1931,9
32.5,242.49999999999997,0.19691958,1931,10
32.5,242.49999999999997,0.20883407,1931,11
32.5,242.49999999999997,0.1985176,1931,12
32.5,242.49999999999997,0.21750903,1932,1
32.5,242.49999999999997,0.21578532,1932,2
32.5,242.49999999999997,0.21675535,1932,3
32.5,242.49999999999997,0.1890456,1932,4
32.5,242.49999999999997,0.18844774,1932,5
32.5,242.49999999999997,0.19251731,1932,6
32.5,242.49999999999997,0.20441085,1932,7
32.5,242.49999999999997,0.2176161,1932,8
32.5,242.49999999999997,0.2244245,1932,9
32.5,242.49999999999997,0.20913467,1932,10
32.5,242.49999999999997,0.20163158,1932,11
32.5,242.49999999999997,0.20173648,1932,12
32.5,242.49999999999997,0.20495729,1933,1
32.5,242.49999999999997,0.19055413,1933,2
32.5,242.49999999999997,0.1658973,1933,3
32.5,242.49999999999997,0.16266961,1933,4
32.5,242.49999999999997,0.17706692,1933,5
32.5,242.49999999999997,0.19860817,1933,6
32.5,242.49999999999997,0.21292543,1933,7
32.5,242.49999999999997,0.2057371,1933,8
32.5,242.49999999999997,0.21658349,1933,9
32.5,242.49999999999997,0.21114747,1933,10
32.5,242.49999999999997,0.19272201,1933,11
32.5,242.49999999999997,0.21026218,1933,12
32.5,242.49999999999997,0.19765072,1934,1
32.5,242.49999999999997,0.1939198,1934,2
32.5,242.49999999999997,0.1790321,1934,3
32.5,242.49999999999997,0.16793,1934,4
32.5,242.49999999999997,0.1836678,1934,5
32.5,242.49999999999997,0.18523511,1934,6
32.5,242.49999999999997,0.205473,1934,7
32.5,242.49999999999997,0.20961542,1934,8
32.5,242.49999999999997,0.1992157,1934,9
32.5,242.49999999999997,0.19998036,1934,10
32.5,242.49999999999997,0.1755538,1934,11
32.5,242.49999999999997,0.16747087,1934,12
32.5,242.49999999999997,0.17668952,1935,1
32.5,242.49999999999997,0.20384225,1935,2
32.5,242.49999999999997,0.17458571,1935,3
32.5,242.49999999999997,0.14600325,1935,4
32.5,242.49999999999997,0.1477838,1935,5
32.5,242.49999999999997,0.1638969,1935,6
32.5,242.49999999999997,0.19095145,1935,7
32.5,242.49999999999997,0.18335551,1935,8
32.5,242.49999999999997,0.20727822,1935,9
32.5,242.49999999999997,0.22965716,1935,10
32.5,242.49999999999997,0.20906863,1935,11
32.5,242.49999999999997,0.20085867,1935,12
32.5,242.49999999999997,0.19712669,1936,1
32.5,242.49999999999997,0.19529346,1936,2
32.5,242.49999999999997,0.17983165,1936,3
32.5,242.49999999999997,0.14749727,1936,4
32.5,242.49999999999997,0.14304656,1936,5
32.5,242.49999999999997,0.15350817,1936,6
32.5,242.49999999999997,0.16815412,1936,7
32.5,242.49999999999997,0.18086436,1936,8
32.5,242.49999999999997,0.16045563,1936,9
32.5,242.49999999999997,0.14416395,1936,10
32.5,242.49999999999997,0.14038628,1936,11
32.5,242.49999999999997,0.14636904,1936,12
32.5,242.49999999999997,0.17172049,1937,1
32.5,242.49999999999997,0.17157364,1937,2
32.5,242.49999999999997,0.12873478,1937,3
32.5,242.49999999999997,0.14040643,1937,4
32.5,242.49999999999997,0.13553673,1937,5
32.5,242.49999999999997,0.1608291,1937,6
32.5,242.49999999999997,0.1837676,1937,7
32.5,242.49999999999997,0.17668387,1937,8
32.5,242.49999999999997,0.19508305,1937,9
32.5,242.49999999999997,0.21541144,1937,10
32.5,242.49999999999997,0.20225021,1937,11
32.5,242.49999999999997,0.19695316,1937,12
32.5,242.49999999999997,0.22427917,1938,1
32.5,242.49999999999997,0.21914057,1938,2
32.5,242.49999999999997,0.19432515,1938,3
32.5,242.49999999999997,0.16822422,1938,4
32.5,242.49999999999997,0.16370976,1938,5
32.5,242.49999999999997,0.16020668,1938,6
32.5,242.49999999999997,0.16696869,1938,7
32.5,242.49999999999997,0.19028318,1938,8
32.5,242.49999999999997,0.21147223,1938,9
32.5,242.49999999999997,0.20720251,1938,10
32.5,242.49999999999997,0.17812036,1938,11
32.5,242.49999999999997,0.19142003,1938,12
32.5,242.49999999999997,0.20059381,1939,1
32.5,242.49999999999997,0.21003732,1939,2
32.5,242.49999999999997,0.17280503,1939,3
32.5,242.49999999999997,0.18012254,1939,4
32.5,242.49999999999997,0.18002708,1939,5
32.5,242.49999999999997,0.1792915,1939,6
32.5,242.49999999999997,0.18976104,1939,7
32.5,242.49999999999997,0.2007411,1939,8
32.5,242.49999999999997,0.21041508,1939,9
32.5,242.49999999999997,0.21674109,1939,10
32.5,242.49999999999997,0.20123093,1939,11
32.5,242.49999999999997,0.19302222,1939,12
32.5,242.49999999999997,0.22628008,1940,1
32.5,242.49999999999997,0.2083646,1940,2
32.5,242.49999999999997,0.19679944,1940,3
32.5,242.49999999999997,0.16908787,1940,4
32.5,242.49999999999997,0.17465629,1940,5
32.5,242.49999999999997,0.18017045,1940,6
32.5,242.49999999999997,0.17147714,1940,7
32.5,242.49999999999997,0.19653746,1940,8
32.5,242.49999999999997,0.21830343,1940,9
32.5,242.49999999999997,0.20018707,1940,10
32.5,242.49999999999997,0.17661376,1940,11
32.5,242.49999999999997,0.16475724,1940,12
32.5,242.49999999999997,0.1675188,1941,1
32.5,242.49999999999997,0.14802702,1941,2
32.5,242.49999999999997,0.15580001,1941,3
32.5,242.49999999999997,0.13494638,1941,4
32.5,242.49999999999997,0.13976948,1941,5
32.5,242.49999999999997,0.16154791,1941,6
32.5,242.49999999999997,0.15641053,1941,7
32.5,242.49999999999997,0.17683363,1941,8
32.5,242.49999999999997,0.20321426,1941,9
32.5,242.49999999999997,0.24207675,1941,10
32.5,242.49999999999997,0.20356661,1941,11
32.5,242.49999999999997,0.19987261,1941,12
32.5,242.49999999999997,0.1944081,1942,1
32.5,242.49999999999997,0.16887711,1942,2
32.5,242.49999999999997,0.15465079,1942,3
32.5,242.49999999999997,0.15496063,1942,4
32.5,242.49999999999997,0.13522965,1942,5
32.5,242.49999999999997,0.15955755,1942,6
32.5,242.49999999999997,0.195681,1942,7
32.5,242.49999999999997,0.17904934,1942,8
32.5,242.49999999999997,0.18322644,1942,9
32.5,242.49999999999997,0.21917443,1942,10
32.5,242.49999999999997,0.21575977,1942,11
32.5,242.49999999999997,0.1952039,1942,12
32.5,242.49999999999997,0.20988503,1943,1
32.5,242.49999999999997,0.20923065,1943,2
32.5,242.49999999999997,0.17675354,1943,3
32.5,242.49999999999997,0.1665012,1943,4
32.5,242.49999999999997,0.15996855,1943,5
32.5,242.49999999999997,0.1646516,1943,6
32.5,242.49999999999997,0.17964461,1943,7
32.5,242.49999999999997,0.21087852,1943,8
32.5,242.49999999999997,0.21667835,1943,9
32.5,242.49999999999997,0.22302745,1943,10
32.5,242.49999999999997,0.20719592,1943,11
32.5,242.49999999999997,0.21630545,1943,12
32.5,242.49999999999997,0.23610558,1944,1
32.5,242.49999999999997,0.20481502,1944,2
32.5,242.49999999999997,0.18946889,1944,3
32.5,242.49999999999997,0.18594113,1944,4
32.5,242.49999999999997,0.17235819,1944,5
32.5,242.49999999999997,0.16714089,1944,6
32.5,242.49999999999997,0.16802457,1944,7
32.5,242.49999999999997,0.19811842,1944,8
32.5,242.49999999999997,0.2112204,1944,9
32.5,242.49999999999997,0.20274031,1944,10
32.5,242.49999999999997,0.14876457,1944,11
32.5,242.49999999999997,0.14907584,1944,12
32.5,242.49999999999997,0.15125097,1945,1
32.5,242.49999999999997,0.14973716,1945,2
32.5,242.49999999999997,0.15406252,1945,3
32.5,242.49999999999997,0.14445494,1945,4
32.5,242.49999999999997,0.14558153,1945,5
32.5,242.49999999999997,0.1587513,1945,6
32.5,242.49999999999997,0.15715545,1945,7
32.5,242.49999999999997,0.15897366,1945,8
32.5,242.49999999999997,0.15897523,1945,9
32.5,242.49999999999997,0.12107681,1945,10
32.5,242.49999999999997,0.13954228,1945,11
32.5,242.49999999999997,0.1501283,1945,12
32.5,242.49999999999997,0.13459848,1946,1
32.5,242.49999999999997,0.13823344,1946,2
32.5,242.49999999999997,0.13329157,1946,3
32.5,242.49999999999997,0.13394754,1946,4
32.5,242.49999999999997,0.14410256,1946,5
32.5,242.49999999999997,0.15763603,1946,6
32.5,242.49999999999997,0.17340235,1946,7
32.5,242.49999999999997,0.18343064,1946,8
32.5,242.49999999999997,0.20021604,1946,9
32.5,242.49999999999997,0.21555577,1946,10
32.5,242.49999999999997,0.21070908,1946,11
32.5,242.49999999999997,0.21848424,1946,12
32.5,242.49999999999997,0.22734343,1947,1
32.5,242.49999999999997,0.22346388,1947,2
32.5,242.49999999999997,0.19634265,1947,3
32.5,242.49999999999997,0.15133189,1947,4
32.5,242.49999999999997,0.15387778,1947,5
32.5,242.49999999999997,0.14190722,1947,6
32.5,242.49999999999997,0.15684016,1947,7
32.5,242.49999999999997,0.19655792,1947,8
32.5,242.49999999999997,0.21750945,1947,9
32.5,242.49999999999997,0.206919,1947,10
32.5,242.49999999999997,0.20584752,1947,11
32.5,242.49999999999997,0.18310894,1947,12
32.5,242.49999999999997,0.21292228,1948,1
32.5,242.49999999999997,0.2221625,1948,2
32.5,242.49999999999997,0.20662814,1948,3
32.5,242.49999999999997,0.17210895,1948,4
32.5,242.49999999999997,0.14984582,1948,5
32.5,242.49999999999997,0.1804292,1948,6
32.5,242.49999999999997,0.16995047,1948,7
32.5,242.49999999999997,0.1872096,1948,8
32.5,242.49999999999997,0.21447915,1948,9
32.5,242.49999999999997,0.22470088,1948,10
32.5,242.49999999999997,0.20079394,1948,11
32.5,242.49999999999997,0.20691596,1948,12
32.5,242.49999999999997,0.20662513,1949,1
32.5,242.49999999999997,0.21102008,1949,2
32.5,242.49999999999997,0.17565894,1949,3
32.5,242.49999999999997,0.15860035,1949,4
32.5,242.49999999999997,0.16059999,1949,5
32.5,242.49999999999997,0.17662448,1949,6
32.5,242.49999999999997,0.1848014,1949,7
32.5,242.49999999999997,0.1753611,1949,8
32.5,242.49999999999997,0.1686732,1949,9
32.5,242.49999999999997,0.17144093,1949,10
32.5,242.49999999999997,0.19058649,1949,11
32.5,242.49999999999997,0.20576668,1949,12
32.5,242.49999999999997,0.21200547,1950,1
32.5,242.49999999999997,0.20252785,1950,2
32.5,242.49999999999997,0.18249854,1950,3
32.5,242.49999999999997,0.18263514,1950,4
32.5,242.49999999999997,0.17443839,1950,5
32.5,242.49999999999997,0.17467725,1950,6
32.5,242.49999999999997,0.17375864,1950,7
32.5,242.49999999999997,0.18854092,1950,8
32.5,242.49999999999997,0.1983841,1950,9
32.5,242.49999999999997,0.21278472,1950,10
32.5,242.49999999999997,0.19335003,1950,11
32.5,242.49999999999997,0.20103435,1950,12
32.5,242.49999999999997,0.20402466,1951,1
32.5,242.49999999999997,0.18516533,1951,2
32.5,242.49999999999997,0.17627275,1951,3
32.5,242.49999999999997,0.16890542,1951,4
32.5,242.49999999999997,0.15308106,1951,5
32.5,242.49999999999997,0.16681452,1951,6
32.5,242.49999999999997,0.18038803,1951,7
32.5,242.49999999999997,0.19719125,1951,8
32.5,242.49999999999997,0.2135666,1951,9
32.5,242.49999999999997,0.2355115,1951,10
32.5,242.49999999999997,0.23443475,1951,11
32.5,242.49999999999997,0.21561812,1951,12
32.5,242.49999999999997,0.22330473,1952,1
32.5,242.49999999999997,0.24584414,1952,2
32.5,242.49999999999997,0.19586128,1952,3
32.5,242.49999999999997,0.1846188,1952,4
32.5,242.49999999999997,0.17619552,1952,5
32.5,242.49999999999997,0.1782547,1952,6
32.5,242.49999999999997,0.19170728,1952,7
32.5,242.49999999999997,0.19653504,1952,8
32.5,242.49999999999997,0.1912329,1952,9
32.5,242.49999999999997,0.21971704,1952,10
32.5,242.49999999999997,0.23167795,1952,11
32.5,242.49999999999997,0.24607022,1952,12
32.5,242.49999999999997,0.24208052,1953,1
32.5,242.49999999999997,0.21480317,1953,2
32.5,242.49999999999997,0.19644879,1953,3
32.5,242.49999999999997,0.1759089,1953,4
32.5,242.49999999999997,0.16526246,1953,5
32.5,242.49999999999997,0.18255168,1953,6
32.5,242.49999999999997,0.1980524,1953,7
32.5,242.49999999999997,0.21512796,1953,8
32.5,242.49999999999997,0.21252547,1953,9
32.5,242.49999999999997,0.22080038,1953,10
32.5,242.49999999999997,0.19307208,1953,11
32.5,242.49999999999997,0.17752837,1953,12
32.5,242.49999999999997,0.19642085,1954,1
32.5,242.49999999999997,0.20536454,1954,2
32.5,242.49999999999997,0.20951769,1954,3
32.5,242.49999999999997,0.18840314,1954,4
32.5,242.49999999999997,0.19021015,1954,5
32.5,242.49999999999997,0.19972682,1954,6
32.5,242.49999999999997,0.19872163,1954,7
32.5,242.49999999999997,0.1912593,1954,8
32.5,242.49999999999997,0.18913794,1954,9
32.5,242.49999999999997,0.21902087,1954,10
32.5,242.49999999999997,0.22679609,1954,11
32.5,242.49999999999997,0.211938,1954,12
32.5,242.49999999999997,0.21868402,1955,1
32.5,242.49999999999997,0.20973498,1955,2
32.5,242.49999999999997,0.16249014,1955,3
32.5,242.49999999999997,0.15297978,1955,4
32.5,242.49999999999997,0.13967116,1955,5
32.5,242.49999999999997,0.16997272,1955,6
32.5,242.49999999999997,0.18570922,1955,7
32.5,242.49999999999997,0.15642877,1955,8
32.5,242.49999999999997,0.14467391,1955,9
32.5,242.49999999999997,0.13755713,1955,10
32.5,242.49999999999997,0.12985578,1955,11
32.5,242.49999999999997,0.12557763,1955,12
32.5,242.49999999999997,0.15959223,1956,1
32.5,242.49999999999997,0.18413377,1956,2
32.5,242.49999999999997,0.16098097,1956,3
32.5,242.49999999999997,0.12688959,1956,4
32.5,242.49999999999997,0.122827075,1956,5
32.5,242.49999999999997,0.14008366,1956,6
32.5,242.49999999999997,0.1602311,1956,7
32.5,242.49999999999997,0.18008026,1956,8
32.5,242.49999999999997,0.19124898,1956,9
32.5,242.49999999999997,0.20947063,1956,10
32.5,242.49999999999997,0.16986012,1956,11
32.5,242.49999999999997,0.16137074,1956,12
32.5,242.49999999999997,0.1734443,1957,1
32.5,242.49999999999997,0.17185225,1957,2
32.5,242.49999999999997,0.17347161,1957,3
32.5,242.49999999999997,0.18321276,1957,4
32.5,242.49999999999997,0.17172879,1957,5
32.5,242.49999999999997,0.17516385,1957,6
32.5,242.49999999999997,0.20129994,1957,7
32.5,242.49999999999997,0.17868894,1957,8
32.5,242.49999999999997,0.22436197,1957,9
32.5,242.49999999999997,0.23417196,1957,10
32.5,242.49999999999997,0.19619434,1957,11
32.5,242.49999999999997,0.20396982,1957,12
32.5,242.49999999999997,0.21280876,1958,1
32.5,242.49999999999997,0.20759854,1958,2
32.5,242.49999999999997,0.18568093,1958,3
32.5,242.49999999999997,0.15880552,1958,4
32.5,242.49999999999997,0.15828265,1958,5
32.5,242.49999999999997,0.17985937,1958,6
32.5,242.49999999999997,0.19043508,1958,7
32.5,242.49999999999997,0.19716527,1958,8
32.5,242.49999999999997,0.2002443,1958,9
32.5,242.49999999999997,0.23383707,1958,10
32.5,242.49999999999997,0.22863513,1958,11
32.5,242.49999999999997,0.21511978,1958,12
32.5,242.49999999999997,0.2275096,1959,1
32.5,242.49999999999997,0.23118496,1959,2
32.5,242.49999999999997,0.20427237,1959,3
32.5,242.49999999999997,0.18367048,1959,4
32.5,242.49999999999997,0.16049008,1959,5
32.5,242.49999999999997,0.16573425,1959,6
32.5,242.49999999999997,0.1857882,1959,7
32.5,242.49999999999997,0.18814974,1959,8
32.5,242.49999999999997,0.1994908,1959,9
32.5,242.49999999999997,0.18595825,1959,10
32.5,242.49999999999997,0.17824237,1959,11
32.5,242.49999999999997,0.1762908,1959,12
32.5,242.49999999999997,0.18529086,1960,1
32.5,242.49999999999997,0.17285588,1960,2
32.5,242.49999999999997,0.15936843,1960,3
32.5,242.49999999999997,0.14752439,1960,4
32.5,242.49999999999997,0.15274918,1960,5
32.5,242.49999999999997,0.17182852,1960,6
32.5,242.49999999999997,0.17776097,1960,7
32.5,242.49999999999997,0.19813578,1960,8
32.5,242.49999999999997,0.18593709,1960,9
32.5,242.49999999999997,0.1913763,1960,10
32.5,242.49999999999997,0.17623855,1960,11
32.5,242.49999999999997,0.17304361,1960,12
32.5,242.49999999999997,0.16539836,1961,1
32.5,242.49999999999997,0.1618852,1961,2
32.5,242.49999999999997,0.14243554,1961,3
32.5,242.49999999999997,0.13911314,1961,4
32.5,242.49999999999997,0.14610036,1961,5
32.5,242.49999999999997,0.17355247,1961,6
32.5,242.49999999999997,0.17025514,1961,7
32.5,242.49999999999997,0.17964242,1961,8
32.5,242.49999999999997,0.1977428,1961,9
32.5,242.49999999999997,0.18506515,1961,10
32.5,242.49999999999997,0.181149,1961,11
32.5,242.49999999999997,0.19479339,1961,12
32.5,242.49999999999997,0.23298635,1962,1
32.5,242.49999999999997,0.21438399,1962,2
32.5,242.49999999999997,0.18276587,1962,3
32.5,242.49999999999997,0.18104711,1962,4
32.5,242.49999999999997,0.18225262,1962,5
32.5,242.49999999999997,0.20875613,1962,6
32.5,242.49999999999997,0.19868414,1962,7
32.5,242.49999999999997,0.18733104,1962,8
32.5,242.49999999999997,0.193667,1962,9
32.5,242.49999999999997,0.2001062,1962,10
32.5,242.49999999999997,0.1761279,1962,11
32.5,242.49999999999997,0.20087832,1962,12
32.5,242.49999999999997,0.20280324,1963,1
32.5,242.49999999999997,0.21953303,1963,2
32.5,242.49999999999997,0.19900045,1963,3
32.5,242.49999999999997,0.16802557,1963,4
32.5,242.49999999999997,0.15547535,1963,5
32.5,242.49999999999997,0.15484498,1963,6
32.5,242.49999999999997,0.16085808,1963,7
32.5,242.49999999999997,0.18531275,1963,8
32.5,242.49999999999997,0.19440404,1963,9
32.5,242.49999999999997,0.17901823,1963,10
32.5,242.49999999999997,0.17178835,1963,11
32.5,242.49999999999997,0.16029137,1963,12
32.5,242.49999999999997,0.15265027,1964,1
32.5,242.49999999999997,0.17151807,1964,2
32.5,242.49999999999997,0.13833128,1964,3
32.5,242.49999999999997,0.15117307,1964,4
32.5,242.49999999999997,0.1443755,1964,5
32.5,242.49999999999997,0.15541951,1964,6
32.5,242.49999999999997,0.15738624,1964,7
32.5,242.49999999999997,0.16387784,1964,8
32.5,242.49999999999997,0.16731387,1964,9
32.5,242.49999999999997,0.15627572,1964,10
32.5,242.49999999999997,0.1650629,1964,11
32.5,242.49999999999997,0.1549305,1964,12
32.5,242.49999999999997,0.17702666,1965,1
32.5,242.49999999999997,0.18590258,1965,2
32.5,242.49999999999997,0.16687039,1965,3
32.5,242.49999999999997,0.16117056,1965,4
32.5,242.49999999999997,0.15413824,1965,5
32.5,242.49999999999997,0.17618418,1965,6
32.5,242.49999999999997,0.18185844,1965,7
32.5,242.49999999999997,0.18993202,1965,8
32.5,242.49999999999997,0.19819954,1965,9
32.5,242.49999999999997,0.21937884,1965,10
32.5,242.49999999999997,0.21639316,1965,11
32.5,242.49999999999997,0.21381399,1965,12
32.5,242.49999999999997,0.22108248,1966,1
32.5,242.49999999999997,0.22502473,1966,2
32.5,242.49999999999997,0.19592252,1966,3
32.5,242.49999999999997,0.18729775,1966,4
32.5,242.49999999999997,0.19428855,1966,5
32.5,242.49999999999997,0.17837302,1966,6
32.5,242.49999999999997,0.18987592,1966,7
32.5,242.49999999999997,0.18474591,1966,8
32.5,242.49999999999997,0.19545065,1966,9
32.5,242.49999999999997,0.19342458,1966,10
32.5,242.49999999999997,0.15246719,1966,11
32.5,242.49999999999997,0.16691183,1966,12
32.5,242.49999999999997,0.2005629,1967,1
32.5,242.49999999999997,0.20366137,1967,2
32.5,242.49999999999997,0.18243393,1967,3
32.5,242.49999999999997,0.16273868,1967,4
32.5,242.49999999999997,0.16108228,1967,5
32.5,242.49999999999997,0.1679562,1967,6
32.5,242.49999999999997,0.1880669,1967,7
32.5,242.49999999999997,0.20729598,1967,8
32.5,242.49999999999997,0.21267538,1967,9
32.5,242.49999999999997,0.20769544,1967,10
32.5,242.49999999999997,0.18846636,1967,11
32.5,242.49999999999997,0.19686669,1967,12
32.5,242.49999999999997,0.20712954,1968,1
32.5,242.49999999999997,0.18916172,1968,2
32.5,242.49999999999997,0.16264486,1968,3
32.5,242.49999999999997,0.14809948,1968,4
32.5,242.49999999999997,0.15420327,1968,5
32.5,242.49999999999997,0.15985799,1968,6
32.5,242.49999999999997,0.18041664,1968,7
32.5,242.49999999999997,0.19822419,1968,8
32.5,242.49999999999997,0.20037988,1968,9
32.5,242.49999999999997,0.2031767,1968,10
32.5,242.49999999999997,0.1813826,1968,11
32.5,242.49999999999997,0.1619054,1968,12
32.5,242.49999999999997,0.16633783,1969,1
32.5,242.49999999999997,0.14838372,1969,2
32.5,242.49999999999997,0.13885851,1969,3
32.5,242.49999999999997,0.13048105,1969,4
32.5,242.49999999999997,0.1552602,1969,5
32.5,242.49999999999997,0.16542862,1969,6
32.5,242.49999999999997,0.18886408,1969,7
32.5,242.49999999999997,0.20494545,1969,8
32.5,242.49999999999997,0.18286958,1969,9
32.5,242.49999999999997,0.17927518,1969,10
32.5,242.49999999999997,0.13636129,1969,11
32.5,242.49999999999997,0.1500304,1969,12
32.5,242.49999999999997,0.17736661,1970,1
32.5,242.49999999999997,0.17873451,1970,2
32.5,242.49999999999997,0.14362842,1970,3
32.5,242.49999999999997,0.15098657,1970,4
32.5,242.49999999999997,0.15741473,1970,5
32.5,242.49999999999997,0.16500923,1970,6
32.5,242.49999999999997,0.15193836,1970,7
32.5,242.49999999999997,0.14219269,1970,8
32.5,242.49999999999997,0.140496,1970,9
32.5,242.49999999999997,0.13707538,1970,10
32.5,242.49999999999997,0.118344694,1970,11
32.5,242.49999999999997,0.13160452,1970,12
32.5,242.49999999999997,0.16732928,1971,1
32.5,242.49999999999997,0.18487433,1971,2
32.5,242.49999999999997,0.15934847,1971,3
32.5,242.49999999999997,0.14497414,1971,4
32.5,242.49999999999997,0.14381656,1971,5
32.5,242.49999999999997,0.15790492,1971,6
32.5,242.49999999999997,0.17246923,1971,7
32.5,242.49999999999997,0.20937559,1971,8
32.5,242.49999999999997,0.21951035,1971,9
32.5,242.49999999999997,0.20378323,1971,10
32.5,242.49999999999997,0.20938428,1971,11
32.5,242.49999999999997,0.20278281,1971,12
32.5,242.49999999999997,0.18635875,1972,1
32.5,242.49999999999997,0.19973262,1972,2
32.5,242.49999999999997,0.16547276,1972,3
32.5,242.49999999999997,0.15156166,1972,4
32.5,242.49999999999997,0.16625464,1972,5
32.5,242.49999999999997,0.18383874,1972,6
32.5,242.49999999999997,0.17792103,1972,7
32.5,242.49999999999997,0.18026891,1972,8
32.5,242.49999999999997,0.20563701,1972,9
32.5,242.49999999999997,0.20077215,1972,10
32.5,242.49999999999997,0.19190276,1972,11
32.5,242.49999999999997,0.19204341,1972,12
32.5,242.49999999999997,0.21186504,1973,1
32.5,242.49999999999997,0.19261011,1973,2
32.5,242.49999999999997,0.17169595,1973,3
32.5,242.49999999999997,0.17108826,1973,4
32.5,242.49999999999997,0.17239542,1973,5
32.5,242.49999999999997,0.18862134,1973,6
32.5,242.49999999999997,0.19156711,1973,7
32.5,242.49999999999997,0.19792995,1973,8
32.5,242.49999999999997,0.20487642,1973,9
32.5,242.49999999999997,0.20486909,1973,10
32.5,242.49999999999997,0.17982398,1973,11
32.5,242.49999999999997,0.16695657,1973,12
32.5,242.49999999999997,0.18052162,1974,1
32.5,242.49999999999997,0.17731906,1974,2
32.5,242.49999999999997,0.18083812,1974,3
32.5,242.49999999999997,0.1838981,1974,4
32.5,242.49999999999997,0.14632893,1974,5
32.5,242.49999999999997,0.1491156,1974,6
32.5,242.49999999999997,0.16522402,1974,7
32.5,242.49999999999997,0.17181325,1974,8
32.5,242.49999999999997,0.1880675,1974,9
32.5,242.49999999999997,0.20073314,1974,10
32.5,242.49999999999997,0.17720726,1974,11
32.5,242.49999999999997,0.16523284,1974,12
32.5,242.49999999999997,0.15254688,1975,1
32.5,242.49999999999997,0.1619461,1975,2
32.5,242.49999999999997,0.17185082,1975,3
32.5,242.49999999999997,0.1406658,1975,4
32.5,242.49999999999997,0.15180293,1975,5
32.5,242.49999999999997,0.18184738,1975,6
32.5,242.49999999999997,0.18176454,1975,7
32.5,242.49999999999997,0.17047195,1975,8
32.5,242.49999999999997,0.17035691,1975,9
32.5,242.49999999999997,0.16393739,1975,10
32.5,242.49999999999997,0.14898403,1975,11
32.5,242.49999999999997,0.14362276,1975,12
32.5,242.49999999999997,0.16818084,1976,1
32.5,242.49999999999997,0.17131357,1976,2
32.5,242.49999999999997,0.15805328,1976,3
32.5,242.49999999999997,0.13546093,1976,4
32.5,242.49999999999997,0.151636,1976,5
32.5,242.49999999999997,0.16336347,1976,6
32.5,242.49999999999997,0.17296067,1976,7
32.5,242.49999999999997,0.17758164,1976,8
32.5,242.49999999999997,0.16930713,1976,9
32.5,242.49999999999997,0.20982566,1976,10
32.5,242.49999999999997,0.21371949,1976,11
32.5,242.49999999999997,0.22041021,1976,12
32.5,242.49999999999997,0.21279274,1977,1
32.5,242.49999999999997,0.21441172,1977,2
32.5,242.49999999999997,0.17603052,1977,3
32.5,242.49999999999997,0.15014501,1977,4
32.5,242.49999999999997,0.1718364,1977,5
32.5,242.49999999999997,0.1769293,1977,6
32.5,242.49999999999997,0.182752,1977,7
32.5,242.49999999999997,0.20020483,1977,8
32.5,242.49999999999997,0.2137131,1977,9
32.5,242.49999999999997,0.19977286,1977,10
32.5,242.49999999999997,0.18783373,1977,11
32.5,242.49999999999997,0.20716193,1977,12
32.5,242.49999999999997,0.19439727,1978,1
32.5,242.49999999999997,0.20189351,1978,2
32.5,242.49999999999997,0.20086148,1978,3
32.5,242.49999999999997,0.19376224,1978,4
32.5,242.49999999999997,0.17168134,1978,5
32.5,242.49999999999997,0.17191496,1978,6
32.5,242.49999999999997,0.18682161,1978,7
32.5,242.49999999999997,0.1968029,1978,8
32.5,242.49999999999997,0.22959146,1978,9
32.5,242.49999999999997,0.23443319,1978,10
32.5,242.49999999999997,0.19386546,1978,11
32.5,242.49999999999997,0.18191342,1978,12
32.5,242.49999999999997,0.20012371,1979,1
32.5,242.49999999999997,0.19516325,1979,2
32.5,242.49999999999997,0.18091641,1979,3
32.5,242.49999999999997,0.16536663,1979,4
32.5,242.49999999999997,0.17218988,1979,5
32.5,242.49999999999997,0.18631007,1979,6
32.5,242.49999999999997,0.19673805,1979,7
32.5,242.49999999999997,0.19868453,1979,8
32.5,242.49999999999997,0.17801006,1979,9
32.5,242.49999999999997,0.18225923,1979,10
32.5,242.49999999999997,0.18445228,1979,11
32.5,242.49999999999997,0.18562901,1979,12
32.5,242.49999999999997,0.17561461,1980,1
32.5,242.49999999999997,0.17359939,1980,2
32.5,242.49999999999997,0.16060106,1980,3
32.5,242.49999999999997,0.14544529,1980,4
32.5,242.49999999999997,0.1417447,1980,5
32.5,242.49999999999997,0.146774,1980,6
32.5,242.49999999999997,0.18440898,1980,7
32.5,242.49999999999997,0.18918996,1980,8
32.5,242.49999999999997,0.20439553,1980,9
32.5,242.49999999999997,0.21537653,1980,10
32.5,242.49999999999997,0.1963606,1980,11
32.5,242.49999999999997,0.20679794,1980,12
32.5,242.49999999999997,0.18657094,1981,1
32.5,242.49999999999997,0.1815689,1981,2
32.5,242.49999999999997,0.17086565,1981,3
32.5,242.49999999999997,0.16309819,1981,4
32.5,242.49999999999997,0.15045042,1981,5
32.5,242.49999999999997,0.16466801,1981,6
32.5,242.49999999999997,0.19176067,1981,7
32.5,242.49999999999997,0.19235577,1981,8
32.5,242.49999999999997,0.20050098,1981,9
32.5,242.49999999999997,0.22281627,1981,10
32.5,242.49999999999997,0.20680249,1981,11
32.5,242.49999999999997,0.19639087,1981,12
32.5,242.49999999999997,0.21737976,1982,1
32.5,242.49999999999997,0.1780386,1982,2
32.5,242.49999999999997,0.1608159,1982,3
32.5,242.49999999999997,0.1650027,1982,4
32.5,242.49999999999997,0.16167359,1982,5
32.5,242.49999999999997,0.14685613,1982,6
32.5,242.49999999999997,0.16342309,1982,7
32.5,242.49999999999997,0.20682804,1982,8
32.5,242.49999999999997,0.21004716,1982,9
32.5,242.49999999999997,0.19218358,1982,10
32.5,242.49999999999997,0.19761766,1982,11
32.5,242.49999999999997,0.18242732,1982,12
32.5,242.49999999999997,0.19311777,1983,1
32.5,242.49999999999997,0.16661666,1983,2
32.5,242.49999999999997,0.13605422,1983,3
32.5,242.49999999999997,0.1432504,1983,4
32.5,242.49999999999997,0.14665957,1983,5
32.5,242.49999999999997,0.12680663,1983,6
32.5,242.49999999999997,0.15690753,1983,7
32.5,242.49999999999997,0.19259246,1983,8
32.5,242.49999999999997,0.20242794,1983,9
32.5,242.49999999999997,0.19351651,1983,10
32.5,242.49999999999997,0.1789152,1983,11
32.5,242.49999999999997,0.15975395,1983,12
32.5,242.49999999999997,0.15816097,1984,1
32.5,242.49999999999997,0.14655611,1984,2
32.5,242.49999999999997,0.15344566,1984,3
32.5,242.49999999999997,0.15290366,1984,4
32.5,242.49999999999997,0.16978323,1984,5
32.5,242.49999999999997,0.1533979,1984,6
32.5,242.49999999999997,0.14115962,1984,7
32.5,242.49999999999997,0.14884827,1984,8
32.5,242.49999999999997,0.1310487,1984,9
32.5,242.49999999999997,0.14659104,1984,10
32.5,242.49999999999997,0.14259577,1984,11
32.5,242.49999999999997,0.12924822,1984,12
32.5,242.49999999999997,0.14803237,1985,1
32.5,242.49999999999997,0.13793872,1985,2
32.5,242.49999999999997,0.1429861,1985,3
32.5,242.49999999999997,0.14127687,1985,4
32.5,242.49999999999997,0.13854913,1985,5
32.5,242.49999999999997,0.14775546,1985,6
32.5,242.49999999999997,0.14937022,1985,7
32.5,242.49999999999997,0.17211549,1985,8
32.5,242.49999999999997,0.17686543,1985,9
32.5,242.49999999999997,0.17543496,1985,10
32.5,242.49999999999997,0.1776579,1985,11
32.5,242.49999999999997,0.15589242,1985,12
32.5,242.49999999999997,0.1524559,1986,1
32.5,242.49999999999997,0.15755223,1986,2
32.5,242.49999999999997,0.15528911,1986,3
32.5,242.49999999999997,0.12324025,1986,4
32.5,242.49999999999997,0.12869154,1986,5
32.5,242.49999999999997,0.1443254,1986,6
32.5,242.49999999999997,0.17297806,1986,7
32.5,242.49999999999997,0.17990275,1986,8
32.5,242.49999999999997,0.15993568,1986,9
32.5,242.49999999999997,0.15081868,1986,10
32.5,242.49999999999997,0.16525272,1986,11
32.5,242.49999999999997,0.17793755,1986,12
32.5,242.49999999999997,0.20220952,1987,1
32.5,242.49999999999997,0.18603691,1987,2
32.5,242.49999999999997,0.15760316,1987,3
32.5,242.49999999999997,0.1652152,1987,4
32.5,242.49999999999997,0.16178155,1987,5
32.5,242.49999999999997,0.15389015,1987,6
32.5,242.49999999999997,0.17140512,1987,7
32.5,242.49999999999997,0.17941403,1987,8
32.5,242.49999999999997,0.16667756,1987,9
32.5,242.49999999999997,0.16226988,1987,10
32.5,242.49999999999997,0.13978072,1987,11
32.5,242.49999999999997,0.14621793,1987,12
32.5,242.49999999999997,0.16364296,1988,1
32.5,242.49999999999997,0.15809537,1988,2
32.5,242.49999999999997,0.13954842,1988,3
32.5,242.49999999999997,0.12943491,1988,4
32.5,242.49999999999997,0.13111852,1988,5
32.5,242.49999999999997,0.14975853,1988,6
32.5,242.49999999999997,0.16939652,1988,7
32.5,242.49999999999997,0.16412835,1988,8
32.5,242.49999999999997,0.15959625,1988,9
32.5,242.49999999999997,0.17428721,1988,10
32.5,242.49999999999997,0.16631337,1988,11
32.5,242.49999999999997,0.18751478,1988,12
32.5,242.49999999999997,0.19723858,1989,1
32.5,242.49999999999997,0.21785487,1989,2
32.5,242.49999999999997,0.18184096,1989,3
32.5,242.49999999999997,0.16534638,1989,4
32.5,242.49999999999997,0.16544603,1989,5
32.5,242.49999999999997,0.20503885,1989,6
32.5,242.49999999999997,0.20384227,1989,7
32.5,242.49999999999997,0.18089965,1989,8
32.5,242.49999999999997,0.18786947,1989,9
32.5,242.49999999999997,0.21705922,1989,10
32.5,242.49999999999997,0.23570164,1989,11
32.5,242.49999999999997,0.23085274,1989,12
32.5,242.49999999999997,0.2611251,1990,1
32.5,242.49999999999997,0.23959666,1990,2
32.5,242.49999999999997,0.19645242,1990,3
32.5,242.49999999999997,0.18674374,1990,4
32.5,242.49999999999997,0.17706747,1990,5
32.5,242.49999999999997,0.17118344,1990,6
32.5,242.49999999999997,0.17997138,1990,7
32.5,242.49999999999997,0.200343,1990,8
32.5,242.49999999999997,0.21572523,1990,9
32.5,242.49999999999997,0.22147149,1990,10
32.5,242.49999999999997,0.2208096,1990,11
32.5,242.49999999999997,0.2004775,1990,12
32.5,242.49999999999997,0.21386905,1991,1
32.5,242.49999999999997,0.2145877,1991,2
32.5,242.49999999999997,0.16432914,1991,3
32.5,242.49999999999997,0.15077117,1991,4
32.5,242.49999999999997,0.16585168,1991,5
32.5,242.49999999999997,0.17293255,1991,6
32.5,242.49999999999997,0.18951623,1991,7
32.5,242.49999999999997,0.19760545,1991,8
32.5,242.49999999999997,0.23313303,1991,9
32.5,242.49999999999997,0.26399028,1991,10
32.5,242.49999999999997,0.19357704,1991,11
32.5,242.49999999999997,0.17124818,1991,12
32.5,242.49999999999997,0.17166884,1992,1
32.5,242.49999999999997,0.17759173,1992,2
32.5,242.49999999999997,0.14657061,1992,3
32.5,242.49999999999997,0.15281163,1992,4
32.5,242.49999999999997,0.15967014,1992,5
32.5,242.49999999999997,0.16368252,1992,6
32.5,242.49999999999997,0.16584308,1992,7
32.5,242.49999999999997,0.15065569,1992,8
32.5,242.49999999999997,0.18080528,1992,9
32.5,242.49999999999997,0.15769888,1992,10
32.5,242.49999999999997,0.16287236,1992,11
32.5,242.49999999999997,0.16333836,1992,12
32.5,242.49999999999997,0.16760743,1993,1
32.5,242.49999999999997,0.15937273,1993,2
32.5,242.49999999999997,0.17689006,1993,3
32.5,242.49999999999997,0.16917649,1993,4
32.5,242.49999999999997,0.17581953,1993,5
32.5,242.49999999999997,0.19022763,1993,6
32.5,242.49999999999997,0.19462256,1993,7
32.5,242.49999999999997,0.18556423,1993,8
32.5,242.49999999999997,0.20351657,1993,9
32.5,242.49999999999997,0.20579718,1993,10
32.5,242.49999999999997,0.19831452,1993,11
32.5,242.49999999999997,0.23253517,1993,12
32.5,242.49999999999997,0.22137238,1994,1
32.5,242.49999999999997,0.2170561,1994,2
32.5,242.49999999999997,0.21096566,1994,3
32.5,242.49999999999997,0.18900678,1994,4
32.5,242.49999999999997,0.1878725,1994,5
32.5,242.49999999999997,0.16261941,1994,6
32.5,242.49999999999997,0.17926171,1994,7
32.5,242.49999999999997,0.19406883,1994,8
32.5,242.49999999999997,0.20596354,1994,9
32.5,242.49999999999997,0.19493774,1994,10
32.5,242.49999999999997,0.15873411,1994,11
32.5,242.49999999999997,0.17725557,1994,12
32.5,242.49999999999997,0.20493807,1995,1
32.5,242.49999999999997,0.20520203,1995,2
32.5,242.49999999999997,0.18390419,1995,3
32.5,242.49999999999997,0.15714008,1995,4
32.5,242.49999999999997,0.16130957,1995,5
32.5,242.49999999999997,0.15555453,1995,6
32.5,242.49999999999997,0.15665059,1995,7
32.5,242.49999999999997,0.18591236,1995,8
32.5,242.49999999999997,0.17527445,1995,9
32.5,242.49999999999997,0.16142552,1995,10
32.5,242.49999999999997,0.13249484,1995,11
32.5,242.49999999999997,0.14845519,1995,12
32.5,242.49999999999997,0.16000037,1996,1
32.5,242.49999999999997,0.15942164,1996,2
32.5,242.49999999999997,0.14281158,1996,3
32.5,242.49999999999997,0.12761125,1996,4
32.5,242.49999999999997,0.14811315,1996,5
32.5,242.49999999999997,0.15537938,1996,6
32.5,242.49999999999997,0.15601754,1996,7
32.5,242.49999999999997,0.15413654,1996,8
32.5,242.49999999999997,0.14875036,1996,9
32.5,242.49999999999997,0.13733472,1996,10
32.5,242.49999999999997,0.13796683,1996,11
32.5,242.49999999999997,0.17094657,1996,12
32.5,242.49999999999997,0.17921732,1997,1
32.5,242.49999999999997,0.17168042,1997,2
32.5,242.49999999999997,0.15217336,1997,3
32.5,242.49999999999997,0.14164834,1997,4
32.5,242.49999999999997,0.14250046,1997,5
32.5,242.49999999999997,0.17524293,1997,6
32.5,242.49999999999997,0.19582888,1997,7
32.5,242.49999999999997,0.19487964,1997,8
32.5,242.49999999999997,0.22405243,1997,9
32.5,242.49999999999997,0.21078064,1997,10
32.5,242.49999999999997,0.18411198,1997,11
32.5,242.49999999999997,0.17188379,1997,12
32.5,242.49999999999997,0.19992262,1998,1
32.5,242.49999999999997,0.18752536,1998,2
32.5,242.49999999999997,0.1674882,1998,3
32.5,242.49999999999997,0.16980979,1998,4
32.5,242.49999999999997,0.15069088,1998,5
32.5,242.49999999999997,0.16005841,1998,6
32.5,242.49999999999997,0.16996665,1998,7
32.5,242.49999999999997,0.16454649,1998,8
32.5,242.49999999999997,0.17688318,1998,9
32.5,242.49999999999997,0.21761827,1998,10
32.5,242.49999999999997,0.18704523,1998,11
32.5,242.49999999999997,0.19160533,1998,12
32.5,242.49999999999997,0.2085504,1999,1
32.5,242.49999999999997,0.19685055,1999,2
32.5,242.49999999999997,0.19107029,1999,3
32.5,242.49999999999997,0.182244,1999,4
32.5,242.49999999999997,0.17499451,1999,5
32.5,242.49999999999997,0.17277601,1999,6
32.5,242.49999999999997,0.18860689,1999,7
32.5,242.49999999999997,0.19114079,1999,8
32.5,242.49999999999997,0.19103304,1999,9
32.5,242.49999999999997,0.18425548,1999,10
32.5,242.49999999999997,0.18629137,1999,11
32.5,242.49999999999997,0.19099495,1999,12
32.5,242.49999999999997,0.20523965,2000,1
32.5,242.49999999999997,0.19101916,2000,2
32.5,242.49999999999997,0.16155583,2000,3
32.5,242.49999999999997,0.14235353,2000,4
32.5,242.49999999999997,0.15122928,2000,5
32.5,242.49999999999997,0.15599008,2000,6
32.5,242.49999999999997,0.16036841,2000,7
32.5,242.49999999999997,0.17156085,2000,8
32.5,242.49999999999997,0.17704065,2000,9
32.5,242.49999999999997,0.16844754,2000,10
32.5,242.49999999999997,0.15271686,2000,11
32.5,242.49999999999997,0.1718452,2000,12
32.5,242.49999999999997,0.21446136,2001,1
32.5,242.49999999999997,0.2103751,2001,2
32.5,242.49999999999997,0.17337143,2001,3
32.5,242.49999999999997,0.1765114,2001,4
32.5,242.49999999999997,0.18425131,2001,5
32.5,242.49999999999997,0.17245942,2001,6
32.5,242.49999999999997,0.19358343,2001,7
32.5,242.49999999999997,0.19808793,2001,8
32.5,242.49999999999997,0.20403624,2001,9
32.5,242.49999999999997,0.22906907,2001,10
32.5,242.49999999999997,0.19274269,2001,11
32.5,242.49999999999997,0.19656757,2001,12
32.5,242.49999999999997,0.21652848,2002,1
32.5,242.49999999999997,0.21247143,2002,2
32.5,242.49999999999997,0.18040498,2002,3
32.5,242.49999999999997,0.17696297,2002,4
32.5,242.49999999999997,0.17111717,2002,5
32.5,242.49999999999997,0.16378011,2002,6
32.5,242.49999999999997,0.17598295,2002,7
32.5,242.49999999999997,0.19152911,2002,8
32.5,242.49999999999997,0.18295372,2002,9
32.5,242.49999999999997,0.17795525,2002,10
32.5,242.49999999999997,0.17126544,2002,11
32.5,242.49999999999997,0.20090576,2002,12
32.5,242.49999999999997,0.21774738,2003,1
32.5,242.49999999999997,0.21231234,2003,2
32.5,242.49999999999997,0.19993989,2003,3
32.5,242.49999999999997,0.19405477,2003,4
32.5,242.49999999999997,0.17842057,2003,5
32.5,242.49999999999997,0.17582618,2003,6
32.5,242.49999999999997,0.19328506,2003,7
32.5,242.49999999999997,0.22830275,2003,8
32.5,242.49999999999997,0.24042271,2003,9
32.5,242.49999999999997,0.27224922,2003,10
32.5,242.49999999999997,0.21325652,2003,11
32.5,242.49999999999997,0.2225723,2003,12
32.5,242.49999999999997,0.22935368,2004,1
32.5,242.49999999999997,0.20916158,2004,2
32.5,242.49999999999997,0.17481832,2004,3
32.5,242.49999999999997,0.16107404,2004,4
32.5,242.49999999999997,0.1612516,2004,5
32.5,242.49999999999997,0.1680175,2004,6
32.5,242.49999999999997,0.185234,2004,7
32.5,242.49999999999997,0.18614022,2004,8
32.5,242.49999999999997,0.19425444,2004,9
32.5,242.49999999999997,0.2221034,2004,10
32.5,242.49999999999997,0.19767798,2004,11
32.5,242.49999999999997,0.18891087,2004,12
32.5,242.49999999999997,0.19195038,2005,1
32.5,242.49999999999997,0.17265663,2005,2
32.5,242.49999999999997,0.15700457,2005,3
32.5,242.49999999999997,0.14150314,2005,4
32.5,242.49999999999997,0.14776823,2005,5
32.5,242.49999999999997,0.15408231,2005,6
32.5,242.49999999999997,0.17487486,2005,7
32.5,242.49999999999997,0.20263243,2005,8
32.5,242.49999999999997,0.20923313,2005,9
32.5,242.49999999999997,0.21167739,2005,10
32.5,242.49999999999997,0.19445021,2005,11
32.5,242.49999999999997,0.15229757,2005,12
32.5,242.49999999999997,0.15637368,2006,1
32.5,242.49999999999997,0.16738811,2006,2
32.5,242.49999999999997,0.15598904,2006,3
32.5,242.49999999999997,0.14066672,2006,4
32.5,242.49999999999997,0.13823739,2006,5
32.5,242.49999999999997,0.15308703,2006,6
32.5,242.49999999999997,0.17174904,2006,7
32.5,242.49999999999997,0.1842411,2006,8
32.5,242.49999999999997,0.19905819,2006,9
32.5,242.49999999999997,0.18779027,2006,10
32.5,242.49999999999997,0.16598088,2006,11
32.5,242.49999999999997,0.13524255,2006,12
32.5,242.49999999999997,0.13465554,2007,1
32.5,242.49999999999997,0.14676234,2007,2
32.5,242.49999999999997,0.13917409,2007,3
32.5,242.49999999999997,0.13495049,2007,4
32.5,242.49999999999997,0.13664445,2007,5
32.5,242.49999999999997,0.16261551,2007,6
32.5,242.49999999999997,0.15588441,2007,7
32.5,242.49999999999997,0.14702278,2007,8
32.5,242.49999999999997,0.16466168,2007,9
32.5,242.49999999999997,0.1721669,2007,10
32.5,242.49999999999997,0.17932688,2007,11
32.5,242.49999999999997,0.18486677,2007,12
32.5,242.49999999999997,0.19157332,2008,1
32.5,242.49999999999997,0.18940738,2008,2
32.5,242.49999999999997,0.1637696,2008,3
32.5,242.49999999999997,0.16321667,2008,4
32.5,242.49999999999997,0.15701918,2008,5
32.5,242.49999999999997,0.1770863,2008,6
32.5,242.49999999999997,0.21259014,2008,7
32.5,242.49999999999997,0.2005242,2008,8
32.5,242.49999999999997,0.25348538,2008,9
32.5,242.49999999999997,0.25985083,2008,10
32.5,242.49999999999997,0.22376642,2008,11
32.5,242.49999999999997,0.2212792,2008,12
32.5,242.49999999999997,0.20819795,2009,1
32.5,242.49999999999997,0.2101521,2009,2
32.5,242.49999999999997,0.16969523,2009,3
32.5,242.49999999999997,0.1466045,2009,4
32.5,242.49999999999997,0.15536621,2009,5
32.5,242.49999999999997,0.16742198,2009,6
32.5,242.49999999999997,0.17831464,2009,7
32.5,242.49999999999997,0.19730571,2009,8
32.5,242.49999999999997,0.20258325,2009,9
32.5,242.49999999999997,0.19048478,2009,10
32.5,242.49999999999997,0.18397412,2009,11
32.5,242.49999999999997,0.17858723,2009,12
32.5,242.49999999999997,0.1883983,2010,1
32.5,242.49999999999997,0.19774602,2010,2
32.5,242.49999999999997,0.1791266,2010,3
32.5,242.49999999999997,0.15725152,2010,4
32.5,242.49999999999997,0.15443785,2010,5
32.5,242.49999999999997,0.14782244,2010,6
32.5,242.49999999999997,0.16414526,2010,7
32.5,242.49999999999997,0.17401111,2010,8
32.5,242.49999999999997,0.17286895,2010,9
32.5,242.49999999999997,0.18104748,2010,10
32.5,242.49999999999997,0.16468382,2010,11
32.5,242.49999999999997,0.17384933,2010,12
32.5,242.49999999999997,0.17276694,2011,1
32.5,242.49999999999997,0.16303502,2011,2
32.5,242.49999999999997,0.13512954,2011,3
32.5,242.49999999999997,0.14290278,2011,4
32.5,242.49999999999997,0.13332503,2011,5
32.5,242.49999999999997,0.17555325,2011,6
32.5,242.49999999999997,0.19357729,2011,7
32.5,242.49999999999997,0.18141812,2011,8
32.5,242.49999999999997,0.20412648,2011,9
32.5,242.49999999999997,0.22570777,2011,10
32.5,242.49999999999997,0.21746564,2011,11
32.5,242.49999999999997,0.23990092,2011,12
32.5,242.49999999999997,0.2211214,2012,1
32.5,242.49999999999997,0.2010587,2012,2
32.5,242.49999999999997,0.19110313,2012,3
32.5,242.49999999999997,0.17973776,2012,4
32.5,242.49999999999997,0.16054387,2012,5
32.5,242.49999999999997,0.17377086,2012,6
32.5,242.49999999999997,0.20696932,2012,7
32.5,242.49999999999997,0.21784042,2012,8
32.5,242.49999999999997,0.21910188,2012,9
32.5,242.49999999999997,0.24153203,2012,10
32.5,242.49999999999997,0.20977923,2012,11
32.5,242.49999999999997,0.19600761,2012,12
32.5,242.49999999999997,0.24400248,2013,1
32.5,242.49999999999997,0.20512244,2013,2
32.5,242.49999999999997,0.21909757,2013,3
32.5,242.49999999999997,0.20095983,2013,4
32.5,242.49999999999997,0.18302794,2013,5
32.5,242.49999999999997,0.19066027,2013,6
32.5,242.49999999999997,0.17962445,2013,7
32.5,242.49999999999997,0.18908629,2013,8
32.5,242.49999999999997,0.19191055,2013,9
32.5,242.49999999999997,0.17238973,2013,10
32.5,242.49999999999997,0.17180209,2013,11
32.5,242.49999999999997,0.13467397,2013,12
32.5,242.49999999999997,0.15775615,2014,1
32.5,242.49999999999997,0.15699889,2014,2
32.5,242.49999999999997,0.15099396,2014,3
32.5,242.49999999999997,0.14793345,2014,4
32.5,242.49999999999997,0.12796114,2014,5
32.5,242.49999999999997,0.14103517,2014,6
32.5,242.49999999999997,0.16724682,2014,7
32.5,242.49999999999997,0.18537271,2014,8
32.5,242.49999999999997,0.17591582,2014,9
32.5,242.49999999999997,0.16937284,2014,10
32.5,242.49999999999997,0.14246812,2014,11
32.5,242.49999999999997,0.12509611,2014,12
